dayofweek,date,start_time,home_team,home_xg,score,away_xg,away_team,attendance,venue,referee,league,gameweek,manager,team,formation,name,nationality,age,minutes,gk_shots_on_target_against,gk_goals_against,gk_saves,gk_save_pct,gk_psxg,gk_passes_completed_launched,gk_passes_launched,gk_passes_pct_launched,gk_passes,gk_passes_throws,gk_pct_passes_launched,gk_passes_length_avg,gk_goal_kicks,gk_pct_goal_kicks_launched,gk_goal_kick_length_avg,gk_crosses,gk_crosses_stopped,gk_crosses_stopped_pct,gk_def_actions_outside_pen_area,gk_avg_distance_def_actions
Fri,2023-08-11,21:00 ,Nice,1.2,1–1,1.3,Lille,"29,436",Stade de Nice,Benoît Bastien,Ligue-1,1,Francesco Farioli,Nice,4-3-3,Marcin Bułka,pl POL,23-311,90,5,1,4,80.0,2.1,7,10,70.0,52,10,15.4,27.6,4,50.0,40.0,14,1,7.1,0,8.8
Fri,2023-08-11,21:00 ,Nice,1.2,1–1,1.3,Lille,"29,436",Stade de Nice,Benoît Bastien,Ligue-1,1,Paulo Fonseca,Lille,4-2-3-1,Lucas Chevalier,fr FRA,21-278,90,3,1,2,66.7,1.5,3,10,30.0,47,2,17.0,26.5,4,50.0,49.0,5,0,0.0,3,19.3
Sat,2023-08-12,17:00 ,Marseille,1.0,2–1,0.8,Reims,"63,787",Orange Vélodrome,Eric Wattellier,Ligue-1,1,Marcelino,Marseille,4-4-2,Pau López,es ESP,28-242,90,4,1,3,75.0,0.7,7,21,33.3,35,2,45.7,36.1,6,83.3,55.8,21,1,4.8,0,8.0
Sat,2023-08-12,17:00 ,Marseille,1.0,2–1,0.8,Reims,"63,787",Orange Vélodrome,Eric Wattellier,Ligue-1,1,Will Still,Reims,4-2-3-1,Yehvann Diouf,fr FRA,23-269,90,4,2,2,50.0,1.2,2,4,50.0,29,7,13.8,26.8,6,0.0,20.0,19,1,5.3,1,14.4
Sat,2023-08-12,21:00 ,Paris S-G,1.2,0–0,0.1,Lorient,"47,000",Parc des Princes,Bastien Dechepy,Ligue-1,1,Luis Enrique,Paris S-G,4-3-3,Gianluigi Donnarumma,it ITA,24-168,90,0,0,0,,0.0,0,0,,10,0,0.0,21.5,3,0.0,24.0,2,0,0.0,0,
Sat,2023-08-12,21:00 ,Paris S-G,1.2,0–0,0.1,Lorient,"47,000",Parc des Princes,Bastien Dechepy,Ligue-1,1,Régis Le Bris,Lorient,5-4-1,Yvon Mvogo,ch SUI,29-067,90,4,0,4,100.0,0.5,5,15,33.3,21,4,38.1,34.9,11,63.6,43.7,29,1,3.4,0,4.0
Sun,2023-08-13,13:00 ,Brest,2.5,3–2,0.7,Lens,"15,085",Stade Francis-Le Blé,Jérémie Pignard,Ligue-1,1,Eric Roy,Brest,4-2-3-1,Marco Bizot,nl NED,32-156,90,2,2,0,0.0,0.8,9,15,60.0,25,5,40.0,37.5,7,71.4,42.9,14,2,14.3,2,14.0
Sun,2023-08-13,13:00 ,Brest,2.5,3–2,0.7,Lens,"15,085",Stade Francis-Le Blé,Jérémie Pignard,Ligue-1,1,Franck Haise,Lens,3-4-3,Brice Samba,fr FRA,29-110,90,8,3,5,87.5,3.8,5,14,35.7,28,6,42.9,33.4,7,28.6,26.7,23,1,4.3,0,9.0
Sun,2023-08-13,15:00 ,Nantes,1.1,1–2,1.1,Toulouse,"30,578",Stade de la Beaujoire - Louis Fonteneau,Willy Delajod,Ligue-1,1,Pierre Aristouy,Nantes,3-4-1-2,Alban Lafont,fr FRA,24-202,66,4,1,3,75.0,1.4,2,9,22.2,26,4,26.9,30.5,5,40.0,32.0,8,2,25.0,1,10.5
Sun,2023-08-13,15:00 ,Nantes,1.1,1–2,1.1,Toulouse,"30,578",Stade de la Beaujoire - Louis Fonteneau,Willy Delajod,Ligue-1,1,Pierre Aristouy,Nantes,3-4-1-2,Denis Petrić,rs SRB,35-081,24,1,1,0,0.0,0.3,1,2,50.0,7,2,28.6,30.7,0,,,4,0,0.0,0,
Sun,2023-08-13,15:00 ,Nantes,1.1,1–2,1.1,Toulouse,"30,578",Stade de la Beaujoire - Louis Fonteneau,Willy Delajod,Ligue-1,1,Carles Martínez,Toulouse,4-3-3,Guillaume Restes,fr FRA,18-155,90,4,1,3,100.0,1.2,5,9,55.6,20,0,40.0,33.9,3,33.3,29.7,14,0,0.0,0,5.0
Sun,2023-08-13,15:00 ,Clermont Foot,1.8,2–4,2.5,Monaco,"10,453",Stade Gabriel Montpied,François Letexier,Ligue-1,1,Pascal Gastien,Clermont Foot,3-4-3,Mory Diaw,sn SEN,30-052,90,8,4,4,50.0,3.4,4,13,30.8,49,4,26.5,31.6,2,0.0,6.0,5,0,0.0,0,20.0
Sun,2023-08-13,15:00 ,Clermont Foot,1.8,2–4,2.5,Monaco,"10,453",Stade Gabriel Montpied,François Letexier,Ligue-1,1,Adi Hütter,Monaco,3-4-3,Philipp Köhn,ch SUI,25-133,90,7,2,5,71.4,1.4,5,16,31.3,28,9,32.1,31.3,8,87.5,55.0,15,2,13.3,1,8.3
Sun,2023-08-13,15:00 ,Montpellier,1.6,2–2,1.0,Le Havre,"15,852",Stade de la Mosson-Mondial 98,Clément Turpin,Ligue-1,1,Michel Der Zakarian,Montpellier,4-2-3-1,Benjamin Lecomte,fr FRA,32-109,90,4,2,2,50.0,1.2,6,17,35.3,24,4,45.8,37.6,12,50.0,42.1,9,1,11.1,0,6.0
Sun,2023-08-13,15:00 ,Montpellier,1.6,2–2,1.0,Le Havre,"15,852",Stade de la Mosson-Mondial 98,Clément Turpin,Ligue-1,1,Luka Elsner,Le Havre,5-3-2,Arthur Desmas,fr FRA,29-128,90,5,2,3,60.0,1.4,4,12,33.3,15,5,33.3,34.3,8,87.5,57.3,15,1,6.7,1,12.3
Sun,2023-08-13,17:05 ,Rennes,4.0,5–1,0.4,Metz,"26,065",Roazhon Park,Jeremy Stinat,Ligue-1,1,Bruno Génésio,Rennes,4-3-3,Steve Mandanda,fr FRA,38-138,90,3,1,2,66.7,0.9,1,4,25.0,44,3,9.1,22.8,3,0.0,14.3,14,0,0.0,1,14.0
Sun,2023-08-13,17:05 ,Rennes,4.0,5–1,0.4,Metz,"26,065",Roazhon Park,Jeremy Stinat,Ligue-1,1,László Bölöni,Metz,4-2-3-1,Alexandre Oukidja,dz ALG,35-025,90,14,5,9,64.3,4.1,7,18,38.9,16,3,62.5,43.3,8,100.0,63.5,14,1,7.1,0,5.3
Sun,2023-08-13,20:45 ,Strasbourg,1.3,2–1,1.7,Lyon,"25,410",Stade de la Meinau,Jérôme Brisard,Ligue-1,1,Patrick Vieira,Strasbourg,3-5-2,Matz Sels,be BEL,31-168,90,7,1,6,85.7,1.8,7,17,41.2,24,5,50.0,38.7,9,55.6,47.6,15,0,0.0,0,4.5
Sun,2023-08-13,20:45 ,Strasbourg,1.3,2–1,1.7,Lyon,"25,410",Stade de la Meinau,Jérôme Brisard,Ligue-1,1,Laurent Blanc,Lyon,4-2-3-1,Rémy Riou,fr FRA,36-007,90,2,2,0,0.0,0.9,1,5,20.0,28,4,10.7,23.5,7,28.6,33.3,8,2,25.0,1,11.3
Fri,2023-08-18,21:00 ,Metz,0.5,2–2,1.9,Marseille,"26,661",Stade Saint-Symphorien,Jérôme Brisard,Ligue-1,2,László Bölöni,Metz,4-1-4-1,Alexandre Oukidja,dz ALG,35-030,90,5,2,3,60.0,0.9,5,26,19.2,19,2,52.6,40.3,17,94.1,63.8,26,1,3.8,0,7.0
Fri,2023-08-18,21:00 ,Metz,0.5,2–2,1.9,Marseille,"26,661",Stade Saint-Symphorien,Jérôme Brisard,Ligue-1,2,Marcelino,Marseille,4-4-2,Pau López,es ESP,28-248,90,5,2,3,60.0,1.3,2,5,40.0,19,1,10.5,25.4,8,37.5,36.1,12,0,0.0,1,13.5
Sat,2023-08-19,19:00 ,Lyon,0.4,1–4,2.9,Montpellier,"42,576",Groupama Stadium,Mathieu Vernice,Ligue-1,2,Laurent Blanc,Lyon,4-2-3-1,Rémy Riou,fr FRA,36-013,90,8,4,4,50.0,3.1,2,3,66.7,19,3,15.8,26.2,5,0.0,20.4,7,0,0.0,1,14.8
Sat,2023-08-19,19:00 ,Lyon,0.4,1–4,2.9,Montpellier,"42,576",Groupama Stadium,Mathieu Vernice,Ligue-1,2,Michel Der Zakarian,Montpellier,4-2-3-1,Benjamin Lecomte,fr FRA,32-115,90,3,1,2,66.7,0.7,6,20,30.0,32,3,50.0,39.2,5,80.0,45.8,10,0,0.0,0,15.0
Sat,2023-08-19,21:00 ,Toulouse,1.2,1–1,2.1,Paris S-G,"27,332",Stadium Municipal,Thomas Léonard,Ligue-1,2,Carles Martínez,Toulouse,3-4-3,Guillaume Restes,fr FRA,18-161,90,3,1,2,100.0,1.1,5,16,31.3,22,3,59.1,40.2,3,100.0,63.0,13,0,0.0,0,10.0
Sat,2023-08-19,21:00 ,Toulouse,1.2,1–1,2.1,Paris S-G,"27,332",Stadium Municipal,Thomas Léonard,Ligue-1,2,Luis Enrique,Paris S-G,4-3-3,Gianluigi Donnarumma,it ITA,24-175,90,2,1,1,100.0,1.0,3,3,100.0,17,3,11.8,25.4,6,16.7,25.2,6,0,0.0,0,7.0
Sun,2023-08-20,13:00 ,Lille,2.2,2–0,1.1,Nantes,"34,356",Decathlon Arena - Stade Pierre-Mauroy,Pierre Gaillouste,Ligue-1,2,Paulo Fonseca,Lille,4-2-3-1,Lucas Chevalier,fr FRA,21-287,90,4,0,4,100.0,1.1,0,4,0.0,21,5,9.5,19.6,3,66.7,46.3,12,0,0.0,3,17.8
Sun,2023-08-20,13:00 ,Lille,2.2,2–0,1.1,Nantes,"34,356",Decathlon Arena - Stade Pierre-Mauroy,Pierre Gaillouste,Ligue-1,2,Pierre Aristouy,Nantes,3-4-3,Rémy Descamps,fr FRA,27-056,90,7,2,5,71.4,2.6,10,17,58.8,22,6,31.8,38.6,13,76.9,50.3,17,2,11.8,0,6.6
Sun,2023-08-20,15:00 ,Reims,2.4,2–0,0.4,Clermont Foot,"12,887",Stade Auguste-Delaune,Romain Lissorgue,Ligue-1,2,Will Still,Reims,4-2-3-1,Yehvann Diouf,fr FRA,23-277,90,4,0,4,100.0,1.1,4,17,23.5,35,5,31.4,32.2,7,85.7,64.6,19,0,0.0,1,13.3
Sun,2023-08-20,15:00 ,Reims,2.4,2–0,0.4,Clermont Foot,"12,887",Stade Auguste-Delaune,Romain Lissorgue,Ligue-1,2,Pascal Gastien,Clermont Foot,3-4-3,Mory Diaw,sn SEN,30-059,90,4,2,2,50.0,2.8,6,19,31.6,44,7,43.2,37.1,3,0.0,16.3,10,2,20.0,3,17.0
Sun,2023-08-20,15:00 ,Le Havre,1.2,1–2,1.1,Brest,"19,574",Stade Océane,Florent Batta,Ligue-1,2,Luka Elsner,Le Havre,5-3-2,Arthur Desmas,fr FRA,29-135,90,5,2,3,60.0,1.7,4,10,40.0,25,4,40.0,30.5,5,0.0,18.0,13,1,7.7,0,7.7
Sun,2023-08-20,15:00 ,Le Havre,1.2,1–2,1.1,Brest,"19,574",Stade Océane,Florent Batta,Ligue-1,2,Eric Roy,Brest,4-3-3,Marco Bizot,nl NED,32-163,90,7,1,6,85.7,1.5,12,30,40.0,28,2,71.4,46.6,11,90.9,57.9,13,0,0.0,1,24.5
Sun,2023-08-20,15:00 ,Lorient,0.8,1–1,1.7,Nice,"15,848",Stade Yves Allainmat - Le Moustoir,Hakim Ben El Hadj Salem,Ligue-1,2,Régis Le Bris,Lorient,3-4-3,Yvon Mvogo,ch SUI,29-075,90,8,1,7,87.5,1.3,3,13,23.1,34,8,23.5,31.3,6,83.3,55.7,19,2,10.5,0,6.0
Sun,2023-08-20,15:00 ,Lorient,0.8,1–1,1.7,Nice,"15,848",Stade Yves Allainmat - Le Moustoir,Hakim Ben El Hadj Salem,Ligue-1,2,Francesco Farioli,Nice,4-3-3,Marcin Bułka,pl POL,23-320,90,2,1,1,50.0,1.1,1,1,100.0,20,2,5.0,22.7,3,0.0,13.3,5,0,0.0,2,18.0
Sun,2023-08-20,19:00 ,Monaco,0.9,3–0,0.5,Strasbourg,"10,100",Stade Louis II.,Ruddy Buquet,Ligue-1,2,Adi Hütter,Monaco,3-4-3,Philipp Köhn,ch SUI,25-140,90,1,0,1,100.0,0.0,4,18,22.2,30,4,56.7,40.9,3,33.3,41.7,11,3,27.3,0,8.3
Sun,2023-08-20,19:00 ,Monaco,0.9,3–0,0.5,Strasbourg,"10,100",Stade Louis II.,Ruddy Buquet,Ligue-1,2,Patrick Vieira,Strasbourg,3-5-2,Matz Sels,be BEL,31-175,90,4,3,1,25.0,1.3,5,15,33.3,26,2,57.7,37.7,2,0.0,15.5,8,1,12.5,1,19.7
Sun,2023-08-20,20:45 ,Lens,1.0,1–1,1.4,Rennes,"37,233",Stade Bollaert-Delelis,Benoît Millot,Ligue-1,2,Franck Haise,Lens,3-4-3,Brice Samba,fr FRA,29-117,90,5,1,4,100.0,1.9,6,11,54.5,23,3,43.5,33.5,3,33.3,38.3,0,0,,0,
Sun,2023-08-20,20:45 ,Lens,1.0,1–1,1.4,Rennes,"37,233",Stade Bollaert-Delelis,Benoît Millot,Ligue-1,2,Bruno Génésio,Rennes,4-3-3,Steve Mandanda,fr FRA,38-145,90,4,1,3,75.0,0.7,5,18,27.8,33,3,33.3,33.6,9,77.8,51.7,26,1,3.8,1,17.0
Fri,2023-08-25,21:00 ,Nantes,1.0,3–3,3.3,Monaco,"28,429",Stade de la Beaujoire - Louis Fonteneau,Jérémie Pignard,Ligue-1,3,Pierre Aristouy,Nantes,3-4-3,Rémy Descamps,fr FRA,27-061,90,9,3,6,66.7,3.4,12,29,41.4,29,7,51.7,40.2,16,87.5,57.2,17,3,17.6,0,8.3
Fri,2023-08-25,21:00 ,Nantes,1.0,3–3,3.3,Monaco,"28,429",Stade de la Beaujoire - Louis Fonteneau,Jérémie Pignard,Ligue-1,3,Adi Hütter,Monaco,3-4-3,Philipp Köhn,ch SUI,25-145,90,3,3,0,33.3,1.6,0,2,0.0,17,2,5.9,23.4,3,33.3,31.3,5,1,20.0,0,6.5
Sat,2023-08-26,19:00 ,Marseille,2.9,2–0,1.5,Brest,"63,592",Orange Vélodrome,Jeremy Stinat,Ligue-1,3,Marcelino,Marseille,4-4-2,Pau López,es ESP,28-256,90,6,0,6,100.0,1.7,3,9,33.3,36,8,11.1,25.6,12,41.7,38.8,27,0,0.0,0,6.0
Sat,2023-08-26,19:00 ,Marseille,2.9,2–0,1.5,Brest,"63,592",Orange Vélodrome,Jeremy Stinat,Ligue-1,3,Eric Roy,Brest,4-3-3,Marco Bizot,nl NED,32-169,90,6,2,4,66.7,2.7,5,11,45.5,28,7,28.6,29.6,7,42.9,38.3,12,1,8.3,1,9.9
Sat,2023-08-26,21:00 ,Paris S-G,1.5,3–1,0.5,Lens,"47,864",Parc des Princes,François Letexier,Ligue-1,3,Luis Enrique,Paris S-G,4-4-2,Gianluigi Donnarumma,it ITA,24-182,90,4,1,3,75.0,1.1,2,8,25.0,45,6,15.6,26.3,8,12.5,19.4,16,1,6.3,0,8.8
Sat,2023-08-26,21:00 ,Paris S-G,1.5,3–1,0.5,Lens,"47,864",Parc des Princes,François Letexier,Ligue-1,3,Franck Haise,Lens,3-4-3,Brice Samba,fr FRA,29-123,90,6,3,3,50.0,1.3,5,10,50.0,12,1,66.7,41.6,5,40.0,29.4,5,0,0.0,0,1.0
Sun,2023-08-27,13:00 ,Rennes,3.2,2–2,0.4,Le Havre,"28,311",Roazhon Park,Eric Wattellier,Ligue-1,3,Bruno Génésio,Rennes,4-1-4-1,Steve Mandanda,fr FRA,38-152,90,3,2,1,33.3,0.8,2,6,33.3,54,9,11.1,24.5,2,0.0,24.5,8,1,12.5,2,21.0
Sun,2023-08-27,13:00 ,Rennes,3.2,2–2,0.4,Le Havre,"28,311",Roazhon Park,Eric Wattellier,Ligue-1,3,Luka Elsner,Le Havre,4-2-3-1,Arthur Desmas,fr FRA,29-142,90,7,2,5,71.4,2.5,5,16,31.3,11,0,72.7,45.3,8,100.0,60.9,17,0,0.0,0,
Sun,2023-08-27,15:00 ,Strasbourg,3.4,2–0,0.3,Toulouse,"25,090",Stade de la Meinau,Benoît Bastien,Ligue-1,3,Patrick Vieira,Strasbourg,3-4-3,Matz Sels,be BEL,31-182,90,1,0,1,100.0,0.4,4,8,50.0,29,5,20.7,30.1,4,50.0,37.0,12,1,8.3,3,17.4
Sun,2023-08-27,15:00 ,Strasbourg,3.4,2–0,0.3,Toulouse,"25,090",Stade de la Meinau,Benoît Bastien,Ligue-1,3,Carles Martínez,Toulouse,4-4-2,Guillaume Restes,fr FRA,18-169,90,3,2,1,33.3,1.7,2,5,40.0,22,3,13.6,25.2,8,25.0,29.5,12,0,0.0,0,6.3
Sun,2023-08-27,15:00 ,Clermont Foot,0.7,0–1,1.1,Metz,"9,146",Stade Gabriel Montpied,Gaël Angoula,Ligue-1,3,Pascal Gastien,Clermont Foot,3-4-3,Mory Diaw,sn SEN,30-066,90,5,1,4,80.0,0.8,3,4,75.0,24,5,12.5,24.5,8,12.5,31.1,6,0,0.0,2,19.7
Sun,2023-08-27,15:00 ,Clermont Foot,0.7,0–1,1.1,Metz,"9,146",Stade Gabriel Montpied,Gaël Angoula,Ligue-1,3,László Bölöni,Metz,4-3-3,Alexandre Oukidja,dz ALG,35-039,90,4,0,4,100.0,0.3,9,18,50.0,17,4,52.9,44.0,12,75.0,49.6,22,0,0.0,2,11.8
Sun,2023-08-27,15:00 ,Montpellier,0.9,1–3,1.4,Reims,"14,476",Stade de la Mosson-Mondial 98,Marc Bollengier,Ligue-1,3,Michel Der Zakarian,Montpellier,4-2-3-1,Benjamin Lecomte,fr FRA,32-123,90,6,3,2,50.0,2.1,4,14,28.6,21,3,52.4,40.0,7,42.9,37.6,12,0,0.0,0,9.5
Sun,2023-08-27,15:00 ,Montpellier,0.9,1–3,1.4,Reims,"14,476",Stade de la Mosson-Mondial 98,Marc Bollengier,Ligue-1,3,Will Still,Reims,4-3-3,Yehvann Diouf,fr FRA,23-284,90,3,1,2,66.7,1.1,7,19,36.8,27,8,44.4,37.9,7,100.0,60.0,19,4,21.1,0,8.5
Sun,2023-08-27,17:05 ,Lorient,1.6,4–1,1.1,Lille,"15,101",Stade Yves Allainmat - Le Moustoir,Willy Delajod,Ligue-1,3,Régis Le Bris,Lorient,3-4-3,Yvon Mvogo,ch SUI,29-082,90,7,1,6,85.7,1.9,8,17,47.1,31,4,45.2,39.0,6,50.0,37.7,23,1,4.3,0,4.5
Sun,2023-08-27,17:05 ,Lorient,1.6,4–1,1.1,Lille,"15,101",Stade Yves Allainmat - Le Moustoir,Willy Delajod,Ligue-1,3,Paulo Fonseca,Lille,4-2-3-1,Lucas Chevalier,fr FRA,21-294,90,6,4,2,33.3,2.0,1,2,50.0,21,2,9.5,20.1,2,0.0,12.5,7,0,0.0,1,14.4
Sun,2023-08-27,20:45 ,Nice,1.9,0–0,0.2,Lyon,"28,033",Stade de Nice,Bastien Dechepy,Ligue-1,3,Francesco Farioli,Nice,4-3-3,Marcin Bułka,pl POL,23-327,90,1,0,1,100.0,0.0,0,0,,24,1,0.0,18.7,2,0.0,21.5,4,0,0.0,0,9.5
Sun,2023-08-27,20:45 ,Nice,1.9,0–0,0.2,Lyon,"28,033",Stade de Nice,Bastien Dechepy,Ligue-1,3,Laurent Blanc,Lyon,4-2-3-1,Rémy Riou,fr FRA,36-021,90,4,0,4,100.0,0.7,2,16,12.5,34,6,20.6,28.1,11,81.8,51.0,17,1,5.9,1,14.0
Fri,2023-09-01,21:00 ,Nantes,0.9,1–1,2.6,Marseille,"34,600",Stade de la Beaujoire - Louis Fonteneau,Ruddy Buquet,Ligue-1,4,Pierre Aristouy,Nantes,3-4-3,Rémy Descamps,fr FRA,27-068,90,9,1,8,88.9,1.5,7,28,25.0,31,4,51.6,38.9,15,80.0,50.9,26,2,7.7,0,10.0
Fri,2023-09-01,21:00 ,Nantes,0.9,1–1,2.6,Marseille,"34,600",Stade de la Beaujoire - Louis Fonteneau,Ruddy Buquet,Ligue-1,4,Marcelino,Marseille,4-4-2,Pau López,es ESP,28-262,90,2,1,1,50.0,0.6,0,2,0.0,23,5,8.7,23.3,2,0.0,6.0,10,0,0.0,0,14.0
Sat,2023-09-02,17:00 ,Brest,1.4,0–0,0.3,Rennes,"15,021",Stade Francis-Le Blé,Hakim Ben El Hadj Salem,Ligue-1,4,Eric Roy,Brest,4-2-3-1,Marco Bizot,nl NED,32-176,90,3,0,3,100.0,0.5,4,13,30.8,27,0,40.7,35.3,4,50.0,50.5,9,0,0.0,0,11.3
Sat,2023-09-02,17:00 ,Brest,1.4,0–0,0.3,Rennes,"15,021",Stade Francis-Le Blé,Hakim Ben El Hadj Salem,Ligue-1,4,Bruno Génésio,Rennes,4-3-3,Steve Mandanda,fr FRA,38-158,90,2,0,2,100.0,0.2,2,9,22.2,22,5,27.3,28.0,10,30.0,29.6,19,1,5.3,3,19.5
Sat,2023-09-02,21:00 ,Monaco,0.9,3–0,0.6,Lens,"9,600",Stade Louis II.,Willy Delajod,Ligue-1,4,Adi Hütter,Monaco,3-4-3,Philipp Köhn,ch SUI,25-153,90,1,0,1,100.0,0.5,4,18,22.2,38,5,36.8,36.8,9,44.4,39.3,11,1,9.1,3,15.9
Sat,2023-09-02,21:00 ,Monaco,0.9,3–0,0.6,Lens,"9,600",Stade Louis II.,Willy Delajod,Ligue-1,4,Franck Haise,Lens,3-4-3,Brice Samba,fr FRA,29-130,90,6,3,3,50.0,1.7,3,9,33.3,29,2,31.0,29.0,6,0.0,19.0,7,0,0.0,2,25.5
Sun,2023-09-03,13:00 ,Toulouse,0.6,2–2,1.8,Clermont Foot,"28,285",Stadium Municipal,Florent Batta,Ligue-1,4,Carles Martínez,Toulouse,3-4-1-2,Guillaume Restes,fr FRA,18-176,90,2,2,0,50.0,1.7,3,11,27.3,28,3,28.6,27.6,4,75.0,48.0,21,0,0.0,1,16.0
Sun,2023-09-03,13:00 ,Toulouse,0.6,2–2,1.8,Clermont Foot,"28,285",Stadium Municipal,Florent Batta,Ligue-1,4,Pascal Gastien,Clermont Foot,3-4-3,Mory Diaw,sn SEN,30-073,90,5,2,3,60.0,1.4,2,7,28.6,28,2,25.0,28.1,3,0.0,11.7,3,1,33.3,3,25.3
Sun,2023-09-03,15:00 ,Lille,1.2,1–0,0.3,Montpellier,"35,298",Decathlon Arena - Stade Pierre-Mauroy,Benoît Millot,Ligue-1,4,Paulo Fonseca,Lille,3-4-3,Lucas Chevalier,fr FRA,21-301,90,4,0,4,100.0,1.0,6,18,33.3,45,5,31.1,31.5,4,100.0,60.3,15,1,6.7,0,10.0
Sun,2023-09-03,15:00 ,Lille,1.2,1–0,0.3,Montpellier,"35,298",Decathlon Arena - Stade Pierre-Mauroy,Benoît Millot,Ligue-1,4,Michel Der Zakarian,Montpellier,4-2-3-1,Benjamin Lecomte,fr FRA,32-130,90,6,1,5,83.3,2.0,4,15,26.7,24,2,50.0,41.0,7,42.9,44.4,6,0,0.0,0,
Sun,2023-09-03,15:00 ,Le Havre,2.0,3–0,0.7,Lorient,"180,707",Stade Océane,Romain Lissorgue,Ligue-1,4,Luka Elsner,Le Havre,4-2-3-1,Arthur Desmas,fr FRA,29-149,90,2,0,2,100.0,0.6,3,9,33.3,20,6,45.0,38.1,3,0.0,9.3,12,3,25.0,1,11.0
Sun,2023-09-03,15:00 ,Le Havre,2.0,3–0,0.7,Lorient,"180,707",Stade Océane,Romain Lissorgue,Ligue-1,4,Régis Le Bris,Lorient,3-4-3,Yvon Mvogo,ch SUI,29-089,90,6,3,3,50.0,1.5,7,11,63.6,27,4,25.9,28.9,8,50.0,34.0,19,1,5.3,0,8.7
Sun,2023-09-03,15:00 ,Metz,1.1,2–2,0.7,Reims,"24,272",Stade Saint-Symphorien,Mathieu Vernice,Ligue-1,4,László Bölöni,Metz,4-2-3-1,Alexandre Oukidja,dz ALG,35-046,90,2,2,0,0.0,0.4,6,16,37.5,22,5,40.9,38.3,8,87.5,58.0,15,2,13.3,0,6.3
Sun,2023-09-03,15:00 ,Metz,1.1,2–2,0.7,Reims,"24,272",Stade Saint-Symphorien,Mathieu Vernice,Ligue-1,4,Will Still,Reims,4-3-3,Yehvann Diouf,fr FRA,23-291,90,4,2,2,50.0,1.3,2,4,50.0,28,4,14.3,26.0,1,0.0,16.0,13,0,0.0,1,18.0
Sun,2023-09-03,17:05 ,Nice,2.2,2–0,0.2,Strasbourg,"20,215",Stade de Nice,Jeremy Stinat,Ligue-1,4,Francesco Farioli,Nice,4-3-3,Marcin Bułka,pl POL,23-334,90,0,0,0,,0.0,3,4,75.0,21,3,19.0,24.8,3,0.0,20.3,9,0,0.0,0,
Sun,2023-09-03,17:05 ,Nice,2.2,2–0,0.2,Strasbourg,"20,215",Stade de Nice,Jeremy Stinat,Ligue-1,4,Patrick Vieira,Strasbourg,3-4-3,Matz Sels,be BEL,31-189,90,6,2,4,66.7,1.9,5,13,38.5,39,7,33.3,30.4,3,0.0,26.3,10,1,10.0,0,5.5
Sun,2023-09-03,20:45 ,Lyon,2.1,1–4,4.5,Paris S-G,"51,657",Groupama Stadium,Eric Wattellier,Ligue-1,4,Laurent Blanc,Lyon,4-2-3-1,Anthony Lopes,pt POR,32-337,90,8,4,4,62.5,3.8,4,14,28.6,29,7,37.9,35.8,7,42.9,38.3,2,0,0.0,0,5.0
Sun,2023-09-03,20:45 ,Lyon,2.1,1–4,4.5,Paris S-G,"51,657",Groupama Stadium,Eric Wattellier,Ligue-1,4,Luis Enrique,Paris S-G,4-4-2,Gianluigi Donnarumma,it ITA,24-190,90,8,1,7,100.0,1.9,1,4,25.0,26,3,11.5,23.8,8,12.5,20.3,13,1,7.7,0,6.5
Fri,2023-09-15,21:00 ,Paris S-G,1.0,2–3,1.3,Nice,"47,874",Parc des Princes,Clément Turpin,Ligue-1,5,Luis Enrique,Paris S-G,4-3-3,Gianluigi Donnarumma,it ITA,24-202,90,8,3,5,62.5,2.6,1,2,50.0,30,7,6.7,22.4,2,0.0,19.0,2,0,0.0,0,11.0
Fri,2023-09-15,21:00 ,Paris S-G,1.0,2–3,1.3,Nice,"47,874",Parc des Princes,Clément Turpin,Ligue-1,5,Francesco Farioli,Nice,4-3-3,Marcin Bułka,pl POL,23-346,90,3,2,1,33.3,0.8,4,13,30.8,28,5,28.6,29.5,8,62.5,37.6,14,1,7.1,0,5.0
Sat,2023-09-16,17:00 ,Rennes,0.5,2–2,1.0,Lille,"28,178",Roazhon Park,Jérôme Brisard,Ligue-1,5,Bruno Génésio,Rennes,4-3-3,Steve Mandanda,fr FRA,38-172,90,6,2,4,66.7,1.8,2,11,18.2,54,3,18.5,27.6,2,50.0,43.0,2,0,0.0,2,27.5
Sat,2023-09-16,17:00 ,Rennes,0.5,2–2,1.0,Lille,"28,178",Roazhon Park,Jérôme Brisard,Ligue-1,5,Paulo Fonseca,Lille,4-2-3-1,Lucas Chevalier,fr FRA,21-314,90,4,2,2,50.0,0.2,7,27,25.9,51,0,47.1,38.0,4,75.0,59.0,12,0,0.0,0,5.7
Sat,2023-09-16,21:00 ,Lens,2.0,0–1,0.3,Metz,"37,988",Stade Bollaert-Delelis,Stéphanie Frappart,Ligue-1,5,Franck Haise,Lens,3-4-3,Brice Samba,fr FRA,29-144,90,2,1,1,50.0,0.9,3,4,75.0,25,4,16.0,25.4,4,0.0,24.5,4,0,0.0,2,35.5
Sat,2023-09-16,21:00 ,Lens,2.0,0–1,0.3,Metz,"37,988",Stade Bollaert-Delelis,Stéphanie Frappart,Ligue-1,5,László Bölöni,Metz,4-2-3-1,Alexandre Oukidja,dz ALG,35-059,90,10,0,10,100.0,0.7,18,38,47.4,22,4,77.3,52.7,21,100.0,66.0,30,0,0.0,0,3.7
Sun,2023-09-17,13:00 ,Lorient,0.9,2–2,1.7,Monaco,"15,247",Stade Yves Allainmat - Le Moustoir,Marc Bollengier,Ligue-1,5,Régis Le Bris,Lorient,3-4-3,Yvon Mvogo,ch SUI,29-103,90,6,2,4,66.7,1.6,3,12,25.0,36,7,30.6,34.0,6,16.7,30.0,13,0,0.0,0,7.0
Sun,2023-09-17,13:00 ,Lorient,0.9,2–2,1.7,Monaco,"15,247",Stade Yves Allainmat - Le Moustoir,Marc Bollengier,Ligue-1,5,Adi Hütter,Monaco,3-4-3,Philipp Köhn,ch SUI,25-168,90,3,2,1,33.3,1.2,1,8,12.5,17,2,29.4,32.4,6,50.0,41.7,18,0,0.0,1,16.5
Sun,2023-09-17,15:00 ,Clermont Foot,1.3,0–1,0.6,Nantes,"9,775",Stade Gabriel Montpied,Thomas Léonard,Ligue-1,5,Pascal Gastien,Clermont Foot,3-4-3,Mory Diaw,sn SEN,30-087,90,5,1,4,80.0,0.5,3,13,23.1,33,5,36.4,37.2,2,50.0,30.0,13,3,23.1,2,16.0
Sun,2023-09-17,15:00 ,Clermont Foot,1.3,0–1,0.6,Nantes,"9,775",Stade Gabriel Montpied,Thomas Léonard,Ligue-1,5,Pierre Aristouy,Nantes,4-2-3-1,Rémy Descamps,fr FRA,27-084,90,3,0,3,100.0,0.7,6,15,40.0,21,5,38.1,35.3,13,53.8,39.8,17,0,0.0,0,3.5
Sun,2023-09-17,15:00 ,Strasbourg,2.3,2–2,1.1,Montpellier,"25,128",Stade de la Meinau,Pierre Gaillouste,Ligue-1,5,Patrick Vieira,Strasbourg,4-2-3-1,Matz Sels,be BEL,31-203,90,4,2,2,50.0,0.9,5,10,50.0,28,2,32.1,33.7,5,20.0,20.0,10,0,0.0,3,20.3
Sun,2023-09-17,15:00 ,Strasbourg,2.3,2–2,1.1,Montpellier,"25,128",Stade de la Meinau,Pierre Gaillouste,Ligue-1,5,Michel Der Zakarian,Montpellier,4-2-3-1,Benjamin Lecomte,fr FRA,32-144,90,7,2,6,71.4,1.5,7,18,38.9,38,4,44.7,34.1,5,20.0,29.0,12,1,8.3,0,5.0
Sun,2023-09-17,15:00 ,Reims,1.7,1–2,1.5,Brest,"12,948",Stade Auguste-Delaune,Gaël Angoula,Ligue-1,5,Will Still,Reims,4-3-3,Yehvann Diouf,fr FRA,23-305,90,5,2,3,60.0,1.5,2,6,33.3,26,5,19.2,26.7,6,16.7,20.2,24,1,4.2,1,11.0
Sun,2023-09-17,15:00 ,Reims,1.7,1–2,1.5,Brest,"12,948",Stade Auguste-Delaune,Gaël Angoula,Ligue-1,5,Eric Roy,Brest,4-3-3,Marco Bizot,nl NED,32-191,90,7,1,6,85.7,1.5,15,25,60.0,24,1,75.0,48.3,7,100.0,61.3,20,2,10.0,0,4.0
Sun,2023-09-17,17:05 ,Marseille,1.5,0–0,0.7,Toulouse,"63,477",Orange Vélodrome,François Letexier,Ligue-1,5,Marcelino,Marseille,4-4-2,Pau López,es ESP,28-278,90,3,0,3,100.0,0.7,2,6,33.3,32,3,18.8,28.1,4,0.0,23.5,9,0,0.0,0,12.0
Sun,2023-09-17,17:05 ,Marseille,1.5,0–0,0.7,Toulouse,"63,477",Orange Vélodrome,François Letexier,Ligue-1,5,Carles Martínez,Toulouse,4-4-2,Guillaume Restes,fr FRA,18-190,90,6,0,6,100.0,0.7,3,13,23.1,21,2,42.9,34.6,4,100.0,60.3,26,0,0.0,0,
Sun,2023-09-17,20:45 ,Lyon,1.5,0–0,0.8,Le Havre,"35,507",Groupama Stadium,Benoît Bastien,Ligue-1,5,Jean-François Vulliez,Lyon,4-1-4-1,Anthony Lopes,pt POR,32-351,90,0,0,0,,0.0,5,7,71.4,28,6,25.0,29.4,8,0.0,18.1,8,3,37.5,2,17.2
Sun,2023-09-17,20:45 ,Lyon,1.5,0–0,0.8,Le Havre,"35,507",Groupama Stadium,Benoît Bastien,Ligue-1,5,Luka Elsner,Le Havre,4-4-2,Arthur Desmas,fr FRA,29-163,90,7,0,7,100.0,2.6,8,15,53.3,26,9,38.5,34.5,8,62.5,44.9,16,0,0.0,0,
Fri,2023-09-22,21:00 ,Monaco,1.8,0–1,0.9,Nice,"10,075",Stade Louis II.,Benoît Millot,Ligue-1,6,Adi Hütter,Monaco,3-4-3,Philipp Köhn,ch SUI,25-173,90,7,1,6,85.7,1.3,4,18,22.2,32,4,43.8,36.9,8,50.0,37.6,8,1,12.5,1,15.5
Fri,2023-09-22,21:00 ,Monaco,1.8,0–1,0.9,Nice,"10,075",Stade Louis II.,Benoît Millot,Ligue-1,6,Francesco Farioli,Nice,4-3-3,Marcin Bułka,pl POL,23-353,90,3,0,1,100.0,2.1,1,4,25.0,27,1,3.7,23.4,4,75.0,48.3,9,0,0.0,0,17.3
Sat,2023-09-23,17:00 ,Nantes,2.1,5–3,1.7,Lorient,"30,704",Stade de la Beaujoire - Louis Fonteneau,Florent Batta,Ligue-1,6,Pierre Aristouy,Nantes,4-4-2,Rémy Descamps,fr FRA,27-090,90,7,3,4,57.1,3.2,4,11,36.4,20,6,50.0,38.8,4,25.0,40.3,14,0,0.0,0,11.0
Sat,2023-09-23,17:00 ,Nantes,2.1,5–3,1.7,Lorient,"30,704",Stade de la Beaujoire - Louis Fonteneau,Florent Batta,Ligue-1,6,Régis Le Bris,Lorient,3-4-3,Yvon Mvogo,ch SUI,29-109,90,9,5,4,55.6,3.2,2,7,28.6,44,6,13.6,27.1,7,14.3,22.3,16,0,0.0,2,28.5
Sat,2023-09-23,21:00 ,Brest,2.4,1–0,0.4,Lyon,"14,636",Stade Francis-Le Blé,Thomas Léonard,Ligue-1,6,Eric Roy,Brest,4-2-3-1,Marco Bizot,nl NED,32-197,90,3,0,3,100.0,0.6,11,18,61.1,34,5,44.1,39.4,3,100.0,52.7,5,0,0.0,4,31.8
Sat,2023-09-23,21:00 ,Brest,2.4,1–0,0.4,Lyon,"14,636",Stade Francis-Le Blé,Thomas Léonard,Ligue-1,6,Fabio Grosso,Lyon,4-1-4-1,Anthony Lopes,pt POR,32-357,90,11,1,10,90.9,2.0,7,24,29.2,26,5,61.5,45.8,13,61.5,43.8,28,0,0.0,0,12.5
Sun,2023-09-24,13:00 ,Metz,1.1,0–1,0.4,Strasbourg,"26,661",Stade Saint-Symphorien,Clément Turpin,Ligue-1,6,László Bölöni,Metz,4-2-3-1,Alexandre Oukidja,dz ALG,35-067,90,1,1,0,0.0,0.1,3,9,33.3,15,3,40.0,34.2,6,50.0,38.2,11,2,18.2,0,7.0
Sun,2023-09-24,13:00 ,Metz,1.1,0–1,0.4,Strasbourg,"26,661",Stade Saint-Symphorien,Clément Turpin,Ligue-1,6,Patrick Vieira,Strasbourg,4-3-3,Matz Sels,be BEL,31-210,90,1,0,1,100.0,0.1,6,9,66.7,25,4,32.0,30.2,10,10.0,24.7,10,0,0.0,0,16.0
Sun,2023-09-24,15:00 ,Lens,2.5,2–1,0.4,Toulouse,"37,506",Stade Bollaert-Delelis,Hakim Ben El Hadj Salem,Ligue-1,6,Franck Haise,Lens,3-4-3,Brice Samba,fr FRA,29-152,90,2,1,1,50.0,0.9,4,7,57.1,13,3,30.8,30.4,5,60.0,46.4,9,1,11.1,0,8.0
Sun,2023-09-24,15:00 ,Lens,2.5,2–1,0.4,Toulouse,"37,506",Stade Bollaert-Delelis,Hakim Ben El Hadj Salem,Ligue-1,6,Carles Martínez,Toulouse,4-2-3-1,Guillaume Restes,fr FRA,18-197,90,7,2,5,71.4,1.4,8,16,50.0,24,4,41.7,37.5,8,75.0,52.0,27,0,0.0,0,10.0
Sun,2023-09-24,15:00 ,Le Havre,1.3,2–1,0.9,Clermont Foot,"18,500",Stade Océane,Mathieu Vernice,Ligue-1,6,Luka Elsner,Le Havre,4-1-4-1,Arthur Desmas,fr FRA,29-170,90,4,1,3,75.0,1.1,6,17,35.3,27,10,51.9,42.1,6,50.0,38.2,22,3,13.6,0,5.0
Sun,2023-09-24,15:00 ,Le Havre,1.3,2–1,0.9,Clermont Foot,"18,500",Stade Océane,Mathieu Vernice,Ligue-1,6,Pascal Gastien,Clermont Foot,3-5-2,Mory Diaw,sn SEN,30-094,90,3,2,1,33.3,1.4,3,10,30.0,40,3,25.0,27.0,5,0.0,19.6,5,0,0.0,5,29.6
Sun,2023-09-24,17:05 ,Montpellier,1.5,0–0,0.9,Rennes,"15,430",Stade de la Mosson-Mondial 98,Stéphanie Frappart,Ligue-1,6,Michel Der Zakarian,Montpellier,4-2-3-1,Benjamin Lecomte,fr FRA,32-151,90,6,0,6,100.0,0.7,5,19,26.3,14,1,71.4,46.5,10,90.0,59.0,11,0,0.0,0,
Sun,2023-09-24,17:05 ,Montpellier,1.5,0–0,0.9,Rennes,"15,430",Stade de la Mosson-Mondial 98,Stéphanie Frappart,Ligue-1,6,Bruno Génésio,Rennes,4-2-3-1,Steve Mandanda,fr FRA,38-180,90,4,0,4,100.0,0.4,6,15,40.0,31,5,29.0,34.1,6,100.0,59.5,9,0,0.0,0,
Sun,2023-09-24,20:45 ,Paris S-G,1.9,4–0,0.7,Marseille,"47,000",Parc des Princes,Willy Delajod,Ligue-1,6,Luis Enrique,Paris S-G,4-4-2,Gianluigi Donnarumma,it ITA,24-211,90,0,0,0,,0.0,1,2,50.0,27,3,7.4,22.7,4,0.0,11.8,6,0,0.0,1,29.0
Sun,2023-09-24,20:45 ,Paris S-G,1.9,4–0,0.7,Marseille,"47,000",Parc des Princes,Willy Delajod,Ligue-1,6,Jacques Abardonado,Marseille,3-5-2,Pau López,es ESP,28-285,90,5,4,1,20.0,2.5,5,18,27.8,17,0,76.5,49.4,7,71.4,47.7,16,0,0.0,0,
Tue,2023-09-26,21:00 ,Lille,1.2,1–2,0.5,Reims,"33,075",Decathlon Arena - Stade Pierre-Mauroy,Jérémie Pignard,Ligue-1,6,Paulo Fonseca,Lille,4-2-3-1,Lucas Chevalier,fr FRA,21-324,90,4,2,2,50.0,0.9,1,3,33.3,24,1,12.5,21.5,1,0.0,13.0,3,0,0.0,3,20.4
Tue,2023-09-26,21:00 ,Lille,1.2,1–2,0.5,Reims,"33,075",Decathlon Arena - Stade Pierre-Mauroy,Jérémie Pignard,Ligue-1,6,Will Still,Reims,4-3-3,Yehvann Diouf,fr FRA,23-314,90,3,1,2,66.7,1.0,5,24,20.8,37,8,54.1,41.3,8,50.0,42.9,24,4,16.7,1,12.0
Fri,2023-09-29,21:00 ,Strasbourg,0.3,0–1,0.8,Lens,"26,001",Stade de la Meinau,Jérôme Brisard,Ligue-1,7,Patrick Vieira,Strasbourg,4-3-3,Matz Sels,be BEL,31-215,90,2,1,1,50.0,1.1,2,9,22.2,19,3,36.8,34.4,9,22.2,31.0,5,0,0.0,2,22.7
Fri,2023-09-29,21:00 ,Strasbourg,0.3,0–1,0.8,Lens,"26,001",Stade de la Meinau,Jérôme Brisard,Ligue-1,7,Franck Haise,Lens,3-4-3,Brice Samba,fr FRA,29-157,90,2,0,2,100.0,0.4,6,9,66.7,30,7,26.7,30.2,5,20.0,24.4,10,0,0.0,1,19.3
Sat,2023-09-30,17:00 ,Clermont Foot,1.0,0–0,3.0,Paris S-G,"10,757",Stade Gabriel Montpied,Marc Bollengier,Ligue-1,7,Pascal Gastien,Clermont Foot,3-5-2,Mory Diaw,sn SEN,30-100,90,10,0,10,100.0,1.5,12,30,40.0,33,3,72.7,51.2,6,100.0,59.2,18,0,0.0,1,12.5
Sat,2023-09-30,17:00 ,Clermont Foot,1.0,0–0,3.0,Paris S-G,"10,757",Stade Gabriel Montpied,Marc Bollengier,Ligue-1,7,Luis Enrique,Paris S-G,4-4-2,Gianluigi Donnarumma,it ITA,24-217,90,3,0,3,100.0,1.1,3,4,75.0,19,5,21.1,23.9,6,0.0,14.0,14,1,7.1,5,24.2
Sat,2023-09-30,21:00 ,Monaco,1.0,3–2,1.0,Marseille,"10,200",Stade Louis II.,Benoît Bastien,Ligue-1,7,Adi Hütter,Monaco,3-4-1-2,Philipp Köhn,ch SUI,25-181,90,4,2,2,50.0,1.4,13,22,59.1,28,4,60.7,41.0,5,100.0,59.4,13,2,15.4,0,8.6
Sat,2023-09-30,21:00 ,Monaco,1.0,3–2,1.0,Marseille,"10,200",Stade Louis II.,Benoît Bastien,Ligue-1,7,Gennaro Gattuso,Marseille,4-3-3,Pau López,es ESP,28-291,90,7,3,4,57.1,1.9,1,9,11.1,26,1,34.6,37.9,2,0.0,7.0,9,0,0.0,0,4.0
Sun,2023-10-01,13:00 ,Reims,2.0,2–0,0.7,Lyon,"16,477",Stade Auguste-Delaune,François Letexier,Ligue-1,7,Will Still,Reims,4-3-3,Yehvann Diouf,fr FRA,23-319,90,6,0,6,100.0,0.6,7,11,63.6,60,8,16.7,26.8,3,33.3,39.3,14,0,0.0,2,17.0
Sun,2023-10-01,13:00 ,Reims,2.0,2–0,0.7,Lyon,"16,477",Stade Auguste-Delaune,François Letexier,Ligue-1,7,Fabio Grosso,Lyon,3-4-1-2,Anthony Lopes,pt POR,33-000,90,3,2,1,33.3,1.6,8,12,66.7,24,4,37.5,32.7,4,75.0,43.8,10,1,10.0,2,19.3
Sun,2023-10-01,15:00 ,Nice,1.1,0–0,0.2,Brest,"32,044",Stade de Nice,Romain Lissorgue,Ligue-1,7,Francesco Farioli,Nice,4-3-3,Marcin Bułka,pl POL,23-362,90,2,0,2,100.0,0.2,0,0,,15,8,0.0,16.7,8,0.0,9.3,20,1,5.0,2,16.0
Sun,2023-10-01,15:00 ,Nice,1.1,0–0,0.2,Brest,"32,044",Stade de Nice,Romain Lissorgue,Ligue-1,7,Eric Roy,Brest,4-2-3-1,Marco Bizot,nl NED,32-205,90,1,0,1,100.0,0.1,8,20,40.0,24,3,45.8,38.7,10,90.0,57.9,14,0,0.0,1,21.5
Sun,2023-10-01,15:00 ,Toulouse,1.3,3–0,0.7,Metz,"24,770",Stadium Municipal,Gaël Angoula,Ligue-1,7,Carles Martínez,Toulouse,4-2-3-1,Guillaume Restes,fr FRA,18-204,90,3,0,3,100.0,0.4,2,9,22.2,33,3,21.2,24.9,6,33.3,32.5,16,0,0.0,1,12.4
Sun,2023-10-01,15:00 ,Toulouse,1.3,3–0,0.7,Metz,"24,770",Stadium Municipal,Gaël Angoula,Ligue-1,7,László Bölöni,Metz,4-2-3-1,Alexandre Oukidja,dz ALG,35-074,90,10,3,7,70.0,2.2,4,19,21.1,24,6,54.2,46.5,6,100.0,70.5,6,1,16.7,0,4.0
Sun,2023-10-01,15:00 ,Le Havre,0.8,0–2,1.2,Lille,"21,919",Stade Océane,Bastien Dechepy,Ligue-1,7,Luka Elsner,Le Havre,4-5-1,Arthur Desmas,fr FRA,29-177,90,6,2,5,66.7,1.0,2,10,20.0,20,4,40.0,30.9,6,33.3,35.5,18,1,5.6,0,14.3
Sun,2023-10-01,15:00 ,Le Havre,0.8,0–2,1.2,Lille,"21,919",Stade Océane,Bastien Dechepy,Ligue-1,7,Paulo Fonseca,Lille,4-2-3-1,Lucas Chevalier,fr FRA,21-329,90,0,0,0,,0.0,2,6,33.3,26,3,23.1,30.3,2,0.0,26.5,12,2,16.7,0,6.0
Sun,2023-10-01,17:05 ,Lorient,1.0,0–3,2.8,Montpellier,"13,492",Stade Yves Allainmat - Le Moustoir,Jeremy Stinat,Ligue-1,7,Régis Le Bris,Lorient,3-4-3,Yvon Mvogo,ch SUI,29-117,90,8,3,5,75.0,3.1,2,3,66.7,23,6,8.7,24.6,5,20.0,30.8,12,1,8.3,1,12.3
Sun,2023-10-01,17:05 ,Lorient,1.0,0–3,2.8,Montpellier,"13,492",Stade Yves Allainmat - Le Moustoir,Jeremy Stinat,Ligue-1,7,Michel Der Zakarian,Montpellier,4-2-3-1,Benjamin Lecomte,fr FRA,32-158,90,3,0,3,100.0,0.4,5,15,33.3,28,4,35.7,34.1,6,83.3,52.2,20,3,15.0,1,12.0
Sun,2023-10-01,20:45 ,Rennes,2.7,3–1,1.0,Nantes,"27,313",Roazhon Park,Ruddy Buquet,Ligue-1,7,Bruno Génésio,Rennes,4-2-3-1,Steve Mandanda,fr FRA,38-187,90,3,1,2,66.7,0.7,4,9,44.4,25,4,28.0,32.1,2,100.0,62.0,6,0,0.0,1,15.0
Sun,2023-10-01,20:45 ,Rennes,2.7,3–1,1.0,Nantes,"27,313",Roazhon Park,Ruddy Buquet,Ligue-1,7,Pierre Aristouy,Nantes,4-2-3-1,Alban Lafont,fr FRA,24-251,90,5,3,2,80.0,2.6,3,11,27.3,25,1,20.0,28.9,10,60.0,46.1,13,0,0.0,0,
Fri,2023-10-06,21:00 ,Strasbourg,0.7,1–2,1.9,Nantes,"25,274",Stade de la Meinau,Stéphanie Frappart,Ligue-1,8,Patrick Vieira,Strasbourg,3-4-3,Matz Sels,be BEL,31-222,90,7,2,5,71.4,1.7,5,11,45.5,20,4,45.0,37.0,9,22.2,30.8,18,0,0.0,2,12.5
Fri,2023-10-06,21:00 ,Strasbourg,0.7,1–2,1.9,Nantes,"25,274",Stade de la Meinau,Stéphanie Frappart,Ligue-1,8,Pierre Aristouy,Nantes,3-4-3,Alban Lafont,fr FRA,24-256,90,3,1,2,66.7,0.9,2,12,16.7,42,8,21.4,29.3,6,50.0,39.7,16,1,6.3,0,5.0
Sat,2023-10-07,17:00 ,Metz,0.4,0–1,1.4,Nice,"23,160",Stade Saint-Symphorien,Jérôme Brisard,Ligue-1,8,László Bölöni,Metz,4-2-3-1,Alexandre Oukidja,dz ALG,35-080,90,4,1,3,75.0,2.3,6,14,42.9,15,2,60.0,42.8,5,100.0,62.4,10,1,10.0,1,22.7
Sat,2023-10-07,17:00 ,Metz,0.4,0–1,1.4,Nice,"23,160",Stade Saint-Symphorien,Jérôme Brisard,Ligue-1,8,Francesco Farioli,Nice,4-3-3,Marcin Bułka,pl POL,24-003,90,3,0,3,100.0,0.2,3,4,75.0,48,6,8.3,20.7,2,0.0,16.0,8,2,25.0,0,9.5
Sat,2023-10-07,21:00 ,Reims,1.5,1–3,1.2,Monaco,"19,000",Stade Auguste-Delaune,Hakim Ben El Hadj Salem,Ligue-1,8,Will Still,Reims,4-3-3,Yehvann Diouf,fr FRA,23-325,90,4,3,1,25.0,1.8,6,13,46.2,32,3,37.5,32.3,5,20.0,24.0,9,2,22.2,7,20.5
Sat,2023-10-07,21:00 ,Reims,1.5,1–3,1.2,Monaco,"19,000",Stade Auguste-Delaune,Hakim Ben El Hadj Salem,Ligue-1,8,Adi Hütter,Monaco,3-4-1-2,Philipp Köhn,ch SUI,25-188,90,4,1,3,100.0,1.6,8,21,38.1,31,3,61.3,41.5,4,50.0,47.5,34,1,2.9,0,4.0
Sun,2023-10-08,13:00 ,Marseille,2.8,3–0,0.2,Le Havre,"63,576",Orange Vélodrome,Thomas Léonard,Ligue-1,8,Gennaro Gattuso,Marseille,4-3-3,Pau López,es ESP,28-299,90,1,0,1,100.0,0.2,0,0,,39,5,0.0,18.5,1,0.0,14.0,8,0,0.0,3,24.2
Sun,2023-10-08,13:00 ,Marseille,2.8,3–0,0.2,Le Havre,"63,576",Orange Vélodrome,Thomas Léonard,Ligue-1,8,Luka Elsner,Le Havre,4-2-3-1,Arthur Desmas,fr FRA,29-184,90,6,3,4,50.0,2.1,2,2,100.0,14,5,14.3,26.6,7,0.0,18.9,7,1,14.3,0,11.7
Sun,2023-10-08,15:00 ,Lyon,1.4,3–3,1.1,Lorient,"43,100",Groupama Stadium,Clément Turpin,Ligue-1,8,Fabio Grosso,Lyon,4-1-4-1,Anthony Lopes,pt POR,33-007,90,5,3,2,40.0,2.3,8,16,50.0,23,2,56.5,36.8,3,100.0,57.3,9,0,0.0,0,2.0
Sun,2023-10-08,15:00 ,Lyon,1.4,3–3,1.1,Lorient,"43,100",Groupama Stadium,Clément Turpin,Ligue-1,8,Régis Le Bris,Lorient,3-4-3,Yvon Mvogo,ch SUI,29-124,90,6,3,3,66.7,2.3,2,9,22.2,25,2,32.0,30.4,5,20.0,25.6,15,2,13.3,1,6.9
Sun,2023-10-08,15:00 ,Brest,1.5,1–1,1.2,Toulouse,"13,549",Stade Francis-Le Blé,Pierre Gaillouste,Ligue-1,8,Eric Roy,Brest,4-2-3-1,Marco Bizot,nl NED,32-212,90,3,1,2,66.7,1.0,8,15,53.3,36,5,36.1,32.6,3,66.7,49.7,13,1,7.7,0,9.0
Sun,2023-10-08,15:00 ,Brest,1.5,1–1,1.2,Toulouse,"13,549",Stade Francis-Le Blé,Pierre Gaillouste,Ligue-1,8,Carles Martínez,Toulouse,4-4-1-1,Guillaume Restes,fr FRA,18-211,90,2,1,1,50.0,0.9,3,13,23.1,29,4,31.0,32.2,5,80.0,55.6,19,0,0.0,2,14.7
Sun,2023-10-08,17:05 ,Lens,2.0,1–1,1.7,Lille,"37,223",Stade Bollaert-Delelis,Benoît Millot,Ligue-1,8,Franck Haise,Lens,3-4-3,Brice Samba,fr FRA,29-166,90,3,1,2,66.7,0.7,3,8,37.5,27,4,22.2,27.3,5,40.0,35.2,12,1,8.3,4,15.0
Sun,2023-10-08,17:05 ,Lens,2.0,1–1,1.7,Lille,"37,223",Stade Bollaert-Delelis,Benoît Millot,Ligue-1,8,Paulo Fonseca,Lille,4-2-3-1,Lucas Chevalier,fr FRA,21-336,90,5,1,4,80.0,0.9,1,13,7.7,27,1,40.7,38.2,5,40.0,44.0,13,0,0.0,0,8.0
Sun,2023-10-08,20:45 ,Rennes,1.1,1–3,3.5,Paris S-G,"27,734",Roazhon Park,Benoît Bastien,Ligue-1,8,Bruno Génésio,Rennes,4-3-3,Steve Mandanda,fr FRA,38-194,90,7,3,4,57.1,2.4,5,20,25.0,28,1,53.6,39.0,8,62.5,42.1,5,0,0.0,4,23.4
Sun,2023-10-08,20:45 ,Rennes,1.1,1–3,3.5,Paris S-G,"27,734",Roazhon Park,Benoît Bastien,Ligue-1,8,Luis Enrique,Paris S-G,4-3-3,Gianluigi Donnarumma,it ITA,24-225,90,4,1,3,75.0,1.3,1,3,33.3,30,6,10.0,22.4,8,0.0,15.3,12,1,8.3,3,19.2
Fri,2023-10-20,21:00 ,Le Havre,1.6,0–0,1.6,Lens,"23,590",Stade Océane,François Letexier,Ligue-1,9,Luka Elsner,Le Havre,3-4-3,Arthur Desmas,fr FRA,29-196,90,7,0,7,100.0,1.0,9,23,39.1,31,4,58.1,42.3,7,71.4,47.9,14,0,0.0,2,29.5
Fri,2023-10-20,21:00 ,Le Havre,1.6,0–0,1.6,Lens,"23,590",Stade Océane,François Letexier,Ligue-1,9,Franck Haise,Lens,3-4-3,Brice Samba,fr FRA,29-178,90,4,0,4,100.0,1.8,2,8,25.0,27,4,29.6,34.4,7,0.0,15.7,13,0,0.0,0,18.7
Sat,2023-10-21,17:00 ,Paris S-G,2.0,3–0,0.4,Strasbourg,"41,261",Parc des Princes,Bastien Dechepy,Ligue-1,9,Luis Enrique,Paris S-G,4-2-2-2,Gianluigi Donnarumma,it ITA,24-238,90,1,0,1,100.0,0.0,1,1,100.0,27,6,3.7,20.8,6,0.0,20.8,20,1,5.0,0,4.0
Sat,2023-10-21,17:00 ,Paris S-G,2.0,3–0,0.4,Strasbourg,"41,261",Parc des Princes,Bastien Dechepy,Ligue-1,9,Patrick Vieira,Strasbourg,4-5-1,Matz Sels,be BEL,31-237,90,4,3,1,50.0,2.9,8,12,66.7,16,1,68.8,44.9,5,20.0,28.4,3,0,0.0,2,17.3
Sat,2023-10-21,21:00 ,Nice,0.6,1–0,1.1,Marseille,"31,423",Stade de Nice,Ruddy Buquet,Ligue-1,9,Francesco Farioli,Nice,4-3-3,Marcin Bułka,pl POL,24-017,90,1,0,1,100.0,0.4,3,4,75.0,33,7,9.1,18.6,10,10.0,22.1,11,0,0.0,3,21.3
Sat,2023-10-21,21:00 ,Nice,0.6,1–0,1.1,Marseille,"31,423",Stade de Nice,Ruddy Buquet,Ligue-1,9,Gennaro Gattuso,Marseille,4-2-3-1,Pau López,es ESP,28-312,58,1,,1,,0.1,,3,,22,3,9.1,26.5,1,100.0,65.0,11,,,,5.5
Sat,2023-10-21,21:00 ,Nice,0.6,1–0,1.1,Marseille,"31,423",Stade de Nice,Ruddy Buquet,Ligue-1,9,Gennaro Gattuso,Marseille,4-2-3-1,Rubén Blanco,es ESP,28-088,32,1,1,0,0.0,0.5,3,8,37.5,11,0,72.7,48.3,1,0.0,29.0,3,1,33.3,0,4.0
Sun,2023-10-22,13:00 ,Lorient,0.6,2–1,0.9,Rennes,"16,711",Stade Yves Allainmat - Le Moustoir,Gaël Angoula,Ligue-1,9,Régis Le Bris,Lorient,3-4-3,Yvon Mvogo,ch SUI,29-138,90,6,1,5,83.3,2.0,3,14,21.4,25,3,52.0,42.0,6,16.7,28.2,33,2,6.1,0,3.8
Sun,2023-10-22,13:00 ,Lorient,0.6,2–1,0.9,Rennes,"16,711",Stade Yves Allainmat - Le Moustoir,Gaël Angoula,Ligue-1,9,Bruno Génésio,Rennes,4-3-3,Steve Mandanda,fr FRA,38-208,90,4,2,3,50.0,0.6,0,2,0.0,19,6,10.5,24.0,3,0.0,9.7,9,1,11.1,5,24.2
Sun,2023-10-22,15:00 ,Nantes,1.5,2–0,0.5,Montpellier,"26,864",Stade de la Beaujoire - Louis Fonteneau,Marc Bollengier,Ligue-1,9,Pierre Aristouy,Nantes,4-3-3,Alban Lafont,fr FRA,24-272,90,6,0,6,100.0,0.8,5,15,33.3,47,9,19.1,27.8,8,75.0,49.3,14,3,21.4,2,9.2
Sun,2023-10-22,15:00 ,Nantes,1.5,2–0,0.5,Montpellier,"26,864",Stade de la Beaujoire - Louis Fonteneau,Marc Bollengier,Ligue-1,9,Michel Der Zakarian,Montpellier,4-2-3-1,Benjamin Lecomte,fr FRA,32-179,90,5,2,3,60.0,2.1,3,6,50.0,27,5,18.5,27.8,7,14.3,28.0,10,1,10.0,0,12.3
Sun,2023-10-22,15:00 ,Lille,1.6,1–0,0.8,Brest,"34,358",Decathlon Arena - Stade Pierre-Mauroy,Hakim Ben El Hadj Salem,Ligue-1,9,Paulo Fonseca,Lille,4-2-3-1,Lucas Chevalier,fr FRA,21-350,90,1,0,1,100.0,0.2,3,15,20.0,21,2,52.4,43.5,6,66.7,52.2,19,1,5.3,1,10.0
Sun,2023-10-22,15:00 ,Lille,1.6,1–0,0.8,Brest,"34,358",Decathlon Arena - Stade Pierre-Mauroy,Hakim Ben El Hadj Salem,Ligue-1,9,Eric Roy,Brest,4-3-3,Marco Bizot,nl NED,32-226,90,4,1,3,75.0,1.6,7,12,58.3,29,2,34.5,33.9,3,66.7,49.7,6,0,0.0,3,25.0
Sun,2023-10-22,15:00 ,Toulouse,0.8,1–1,1.3,Reims,"23,895",Stadium Municipal,Jeremy Stinat,Ligue-1,9,Carles Martínez,Toulouse,4-1-4-1,Guillaume Restes,fr FRA,18-225,90,3,1,2,66.7,0.4,1,10,10.0,18,3,27.8,30.4,7,71.4,51.3,18,0,0.0,0,8.5
Sun,2023-10-22,15:00 ,Toulouse,0.8,1–1,1.3,Reims,"23,895",Stadium Municipal,Jeremy Stinat,Ligue-1,9,Will Still,Reims,3-4-1-2,Yehvann Diouf,fr FRA,23-340,90,5,1,4,80.0,1.6,4,11,36.4,50,7,18.0,26.5,4,50.0,38.0,16,2,12.5,0,12.0
Sun,2023-10-22,17:05 ,Monaco,2.0,2–1,1.0,Metz,"6,200",Stade Louis II.,Romain Lissorgue,Ligue-1,9,Adi Hütter,Monaco,4-2-2-2,Philipp Köhn,ch SUI,25-203,90,4,1,3,75.0,0.9,2,6,33.3,17,1,23.5,26.7,8,25.0,29.4,5,0,0.0,1,22.0
Sun,2023-10-22,17:05 ,Monaco,2.0,2–1,1.0,Metz,"6,200",Stade Louis II.,Romain Lissorgue,Ligue-1,9,László Bölöni,Metz,4-2-3-1,Alexandre Oukidja,dz ALG,35-095,90,13,2,11,84.6,2.7,10,22,45.5,20,3,55.0,42.4,11,100.0,64.5,15,0,0.0,1,14.8
Sun,2023-10-22,20:45 ,Lyon,1.7,1–2,1.0,Clermont Foot,"43,000",Groupama Stadium,Willy Delajod,Ligue-1,9,Fabio Grosso,Lyon,4-3-3,Anthony Lopes,pt POR,33-021,90,5,2,3,60.0,1.3,2,4,50.0,12,2,33.3,28.8,6,0.0,20.8,9,1,11.1,3,35.3
Sun,2023-10-22,20:45 ,Lyon,1.7,1–2,1.0,Clermont Foot,"43,000",Groupama Stadium,Willy Delajod,Ligue-1,9,Pascal Gastien,Clermont Foot,3-5-2,Mory Diaw,sn SEN,30-122,90,6,1,6,83.3,1.2,18,36,50.0,34,4,76.5,49.2,12,83.3,57.2,25,4,16.0,1,10.8
Fri,2023-10-27,21:00 ,Clermont Foot,0.5,0–1,2.2,Nice,"10,800",Stade Gabriel Montpied,Jérémie Pignard,Ligue-1,10,Pascal Gastien,Clermont Foot,3-5-2,Mory Diaw,sn SEN,30-127,90,4,1,3,75.0,1.0,9,32,28.1,56,4,48.2,38.9,6,83.3,49.7,9,1,11.1,0,2.0
Fri,2023-10-27,21:00 ,Clermont Foot,0.5,0–1,2.2,Nice,"10,800",Stade Gabriel Montpied,Jérémie Pignard,Ligue-1,10,Francesco Farioli,Nice,4-3-3,Marcin Bułka,pl POL,24-023,90,3,0,3,100.0,0.1,2,5,40.0,30,7,10.0,22.6,3,66.7,50.0,7,1,14.3,1,22.3
Sat,2023-10-28,17:00 ,Reims,0.8,1–0,0.4,Lorient,"14,033",Stade Auguste-Delaune,Benoît Bastien,Ligue-1,10,Will Still,Reims,3-4-1-2,Yehvann Diouf,fr FRA,23-346,90,1,0,1,100.0,0.1,6,14,42.9,38,9,31.6,34.1,6,33.3,31.8,8,0,0.0,1,16.5
Sat,2023-10-28,17:00 ,Reims,0.8,1–0,0.4,Lorient,"14,033",Stade Auguste-Delaune,Benoît Bastien,Ligue-1,10,Régis Le Bris,Lorient,3-4-3,Yvon Mvogo,ch SUI,29-144,90,5,1,4,80.0,1.2,4,16,25.0,36,6,38.9,38.7,4,50.0,40.8,16,2,12.5,0,1.5
Sat,2023-10-28,21:00 ,Lens,3.7,4–0,1.0,Nantes,"38,223",Stade Bollaert-Delelis,Pierre Gaillouste,Ligue-1,10,Franck Haise,Lens,3-4-3,Brice Samba,fr FRA,29-186,90,1,0,1,100.0,0.1,6,16,37.5,34,5,35.3,34.7,9,44.4,32.8,11,1,9.1,1,20.0
Sat,2023-10-28,21:00 ,Lens,3.7,4–0,1.0,Nantes,"38,223",Stade Bollaert-Delelis,Pierre Gaillouste,Ligue-1,10,Pierre Aristouy,Nantes,3-4-3,Alban Lafont,fr FRA,24-278,90,7,4,3,71.4,3.9,3,12,25.0,33,4,36.4,31.7,2,0.0,19.5,13,0,0.0,1,18.0
Sun,2023-10-29,13:00 ,Brest,1.8,2–3,2.1,Paris S-G,"15,183",Stade Francis-Le Blé,Jérôme Brisard,Ligue-1,10,Eric Roy,Brest,4-2-3-1,Marco Bizot,nl NED,32-233,90,10,3,6,70.0,2.7,9,20,45.0,24,1,54.2,41.0,7,100.0,59.6,4,0,0.0,3,25.5
Sun,2023-10-29,13:00 ,Brest,1.8,2–3,2.1,Paris S-G,"15,183",Stade Francis-Le Blé,Jérôme Brisard,Ligue-1,10,Luis Enrique,Paris S-G,4-2-2-2,Gianluigi Donnarumma,it ITA,24-246,90,5,2,3,60.0,1.9,1,1,100.0,27,5,3.7,22.3,7,0.0,15.7,26,0,0.0,1,13.0
Sun,2023-10-29,15:00 ,Metz,0.5,0–0,0.7,Le Havre,"20,718",Stade Saint-Symphorien,Hakim Ben El Hadj Salem,Ligue-1,10,László Bölöni,Metz,4-2-3-1,Alexandre Oukidja,dz ALG,35-102,90,2,0,2,100.0,0.8,9,21,42.9,23,4,69.6,44.4,6,83.3,59.7,21,1,4.8,0,6.0
Sun,2023-10-29,15:00 ,Metz,0.5,0–0,0.7,Le Havre,"20,718",Stade Saint-Symphorien,Hakim Ben El Hadj Salem,Ligue-1,10,Luka Elsner,Le Havre,3-4-3,Arthur Desmas,fr FRA,29-205,90,3,0,3,100.0,1.1,4,10,40.0,20,2,40.0,32.2,6,33.3,30.2,17,0,0.0,0,12.5
Sun,2023-10-29,15:00 ,Montpellier,3.0,3–0,1.2,Toulouse,"13,209",Stade de la Mosson-Mondial 98,Thomas Léonard,Ligue-1,10,Michel Der Zakarian,Montpellier,4-2-3-1,Benjamin Lecomte,fr FRA,32-186,90,5,0,5,100.0,0.8,9,24,37.5,40,6,60.0,38.8,5,0.0,19.4,16,0,0.0,1,20.0
Sun,2023-10-29,15:00 ,Montpellier,3.0,3–0,1.2,Toulouse,"13,209",Stade de la Mosson-Mondial 98,Thomas Léonard,Ligue-1,10,Carles Martínez,Toulouse,4-3-3,Guillaume Restes,fr FRA,18-232,90,6,3,3,50.0,2.9,0,6,0.0,22,5,13.6,27.8,7,42.9,35.4,11,1,9.1,1,15.5
Sun,2023-10-29,15:00 ,Lille,0.5,2–0,0.6,Monaco,"40,046",Decathlon Arena - Stade Pierre-Mauroy,Clément Turpin,Ligue-1,10,Paulo Fonseca,Lille,4-2-3-1,Lucas Chevalier,fr FRA,21-357,90,6,0,6,100.0,1.6,3,18,16.7,28,2,46.4,40.7,5,100.0,76.8,19,0,0.0,0,4.0
Sun,2023-10-29,15:00 ,Lille,0.5,2–0,0.6,Monaco,"40,046",Decathlon Arena - Stade Pierre-Mauroy,Clément Turpin,Ligue-1,10,Adi Hütter,Monaco,4-1-3-2,Philipp Köhn,ch SUI,25-210,90,5,2,3,60.0,1.3,1,3,33.3,24,4,4.2,24.1,2,100.0,60.5,5,0,0.0,3,20.3
Sun,2023-10-29,17:05 ,Rennes,1.1,1–1,1.0,Strasbourg,"28,100",Roazhon Park,Florent Batta,Ligue-1,10,Bruno Génésio,Rennes,4-3-3,Steve Mandanda,fr FRA,38-215,90,3,1,2,66.7,1.0,3,8,37.5,30,6,16.7,30.5,9,33.3,34.1,20,2,10.0,0,5.5
Sun,2023-10-29,17:05 ,Rennes,1.1,1–1,1.0,Strasbourg,"28,100",Roazhon Park,Florent Batta,Ligue-1,10,Patrick Vieira,Strasbourg,4-2-3-1,Matz Sels,be BEL,31-245,90,3,1,2,66.7,1.0,3,11,27.3,26,2,34.6,36.9,5,40.0,39.8,11,0,0.0,0,
Fri,2023-11-03,21:00 ,Paris S-G,1.1,3–0,0.5,Montpellier,"47,647",Parc des Princes,Ruddy Buquet,Ligue-1,11,Luis Enrique,Paris S-G,4-2-2-2,Gianluigi Donnarumma,it ITA,24-251,90,2,0,2,100.0,0.1,2,6,33.3,33,5,15.2,25.1,4,25.0,20.3,7,1,14.3,2,21.3
Fri,2023-11-03,21:00 ,Paris S-G,1.1,3–0,0.5,Montpellier,"47,647",Parc des Princes,Ruddy Buquet,Ligue-1,11,Michel Der Zakarian,Montpellier,4-2-3-1,Benjamin Lecomte,fr FRA,32-191,90,9,3,6,66.7,2.2,6,20,30.0,28,3,60.7,41.2,6,50.0,34.7,14,0,0.0,0,11.0
Sat,2023-11-04,17:00 ,Lorient,0.5,0–0,0.6,Lens,"16,599",Stade Yves Allainmat - Le Moustoir,Bastien Dechepy,Ligue-1,11,Régis Le Bris,Lorient,3-4-3,Yvon Mvogo,ch SUI,29-151,90,7,0,7,100.0,0.8,9,14,64.3,37,6,29.7,29.9,3,100.0,59.0,21,0,0.0,0,
Sat,2023-11-04,17:00 ,Lorient,0.5,0–0,0.6,Lens,"16,599",Stade Yves Allainmat - Le Moustoir,Bastien Dechepy,Ligue-1,11,Franck Haise,Lens,3-4-3,Brice Samba,fr FRA,29-193,90,2,0,2,100.0,0.8,5,6,83.3,24,4,25.0,31.6,0,,,6,4,66.7,0,6.6
Sat,2023-11-04,21:00 ,Marseille,0.8,0–0,0.3,Lille,"63,674",Orange Vélodrome,Stéphanie Frappart,Ligue-1,11,Gennaro Gattuso,Marseille,4-3-3,Pau López,es ESP,28-326,90,1,0,1,100.0,0.2,4,7,57.1,33,4,21.2,29.3,5,0.0,14.6,13,1,7.7,0,3.0
Sat,2023-11-04,21:00 ,Marseille,0.8,0–0,0.3,Lille,"63,674",Orange Vélodrome,Stéphanie Frappart,Ligue-1,11,Paulo Fonseca,Lille,4-2-3-1,Lucas Chevalier,fr FRA,21-363,90,3,0,3,100.0,0.3,1,5,20.0,39,4,10.3,24.8,2,50.0,41.0,10,0,0.0,0,9.5
Sun,2023-11-05,13:00 ,Lyon,1.9,1–1,0.7,Metz,"42,040",Groupama Stadium,Benoît Millot,Ligue-1,11,Fabio Grosso,Lyon,3-5-2,Anthony Lopes,pt POR,33-035,90,5,1,4,80.0,0.4,0,0,,13,5,0.0,19.5,5,0.0,22.0,13,0,0.0,2,20.0
Sun,2023-11-05,13:00 ,Lyon,1.9,1–1,0.7,Metz,"42,040",Groupama Stadium,Benoît Millot,Ligue-1,11,László Bölöni,Metz,4-2-3-1,Alexandre Oukidja,dz ALG,35-109,17,1,,1,,0.8,2,3,66.7,,1,,,,,,1,,,,
Sun,2023-11-05,13:00 ,Lyon,1.9,1–1,0.7,Metz,"42,040",Groupama Stadium,Benoît Millot,Ligue-1,11,László Bölöni,Metz,4-2-3-1,Guillaume Dietsch,fr FRA,22-202,73,3,1,2,66.7,0.8,6,16,37.5,19,3,47.4,36.4,7,100.0,63.0,14,1,7.1,0,3.0
Sun,2023-11-05,15:00 ,Strasbourg,1.0,0–0,0.9,Clermont Foot,"25,039",Stade de la Meinau,Jeremy Stinat,Ligue-1,11,Patrick Vieira,Strasbourg,4-2-3-1,Matz Sels,be BEL,31-252,90,2,0,2,100.0,0.3,3,11,27.3,27,9,29.6,32.8,7,42.9,39.3,19,1,5.3,0,4.0
Sun,2023-11-05,15:00 ,Strasbourg,1.0,0–0,0.9,Clermont Foot,"25,039",Stade de la Meinau,Jeremy Stinat,Ligue-1,11,Pascal Gastien,Clermont Foot,3-4-3,Mory Diaw,sn SEN,30-136,90,5,0,5,100.0,0.5,4,8,50.0,32,7,21.9,30.4,5,20.0,29.8,15,3,20.0,0,6.9
Sun,2023-11-05,15:00 ,Nantes,1.8,0–1,1.1,Reims,"33,621",Stade de la Beaujoire - Louis Fonteneau,Gaël Angoula,Ligue-1,11,Pierre Aristouy,Nantes,3-4-3,Alban Lafont,fr FRA,24-286,90,3,1,2,66.7,1.4,8,15,53.3,35,3,40.0,39.9,3,33.3,33.7,13,2,15.4,7,21.4
Sun,2023-11-05,15:00 ,Nantes,1.8,0–1,1.1,Reims,"33,621",Stade de la Beaujoire - Louis Fonteneau,Gaël Angoula,Ligue-1,11,Will Still,Reims,3-4-1-2,Yehvann Diouf,fr FRA,23-354,90,4,0,4,100.0,0.6,5,18,27.8,38,5,34.2,31.9,5,100.0,64.8,25,1,4.0,2,11.0
Sun,2023-11-05,15:00 ,Toulouse,2.6,1–2,1.1,Le Havre,"23,060",Stadium Municipal,Marc Bollengier,Ligue-1,11,Carles Martínez,Toulouse,4-3-3,Guillaume Restes,fr FRA,18-239,90,7,2,5,71.4,2.1,2,6,33.3,28,1,21.4,25.5,5,0.0,15.0,9,0,0.0,1,15.5
Sun,2023-11-05,15:00 ,Toulouse,2.6,1–2,1.1,Le Havre,"23,060",Stadium Municipal,Marc Bollengier,Ligue-1,11,Luka Elsner,Le Havre,3-4-3,Arthur Desmas,fr FRA,29-212,90,5,1,4,80.0,1.4,1,11,9.1,21,5,33.3,31.9,9,44.4,35.6,12,0,0.0,0,3.0
Sun,2023-11-05,17:05 ,Monaco,0.8,2–0,0.8,Brest,"9,244",Stade Louis II.,Eric Wattellier,Ligue-1,11,Adi Hütter,Monaco,3-4-3,Philipp Köhn,ch SUI,25-217,90,1,0,1,100.0,0.1,4,12,33.3,16,2,31.3,30.3,10,70.0,49.6,19,0,0.0,0,10.5
Sun,2023-11-05,17:05 ,Monaco,0.8,2–0,0.8,Brest,"9,244",Stade Louis II.,Eric Wattellier,Ligue-1,11,Eric Roy,Brest,4-3-3,Marco Bizot,nl NED,32-240,90,6,2,4,66.7,0.8,8,15,53.3,30,8,40.0,33.7,5,60.0,41.2,12,1,8.3,1,9.9
Sun,2023-11-05,20:45 ,Nice,1.6,2–0,0.8,Rennes,"22,430",Stade de Nice,Clément Turpin,Ligue-1,11,Francesco Farioli,Nice,4-3-3,Marcin Bułka,pl POL,24-032,90,4,0,4,100.0,0.7,4,10,40.0,43,5,16.3,24.5,3,100.0,60.3,12,1,8.3,1,12.0
Sun,2023-11-05,20:45 ,Nice,1.6,2–0,0.8,Rennes,"22,430",Stade de Nice,Clément Turpin,Ligue-1,11,Bruno Génésio,Rennes,4-4-2,Steve Mandanda,fr FRA,38-222,90,3,2,2,33.3,1.2,5,14,35.7,35,3,22.9,32.3,11,54.5,42.9,9,1,11.1,1,12.5
Fri,2023-11-10,21:00 ,Montpellier,0.5,0–0,0.7,Nice,"13,452",Stade de la Mosson-Mondial 98,Hakim Ben El Hadj Salem,Ligue-1,12,Michel Der Zakarian,Montpellier,4-2-3-1,Benjamin Lecomte,fr FRA,32-198,90,3,0,3,100.0,0.3,8,23,34.8,38,6,55.3,38.7,5,40.0,40.8,20,0,0.0,0,3.5
Fri,2023-11-10,21:00 ,Montpellier,0.5,0–0,0.7,Nice,"13,452",Stade de la Mosson-Mondial 98,Hakim Ben El Hadj Salem,Ligue-1,12,Francesco Farioli,Nice,4-3-3,Marcin Bułka,pl POL,24-037,90,1,0,1,100.0,0.1,1,3,33.3,31,7,9.7,21.4,0,,,10,3,30.0,0,7.6
Sat,2023-11-11,17:00 ,Reims,1.3,0–3,2.3,Paris S-G,"20,500",Stade Auguste-Delaune,Willy Delajod,Ligue-1,12,Will Still,Reims,5-4-1,Yehvann Diouf,fr FRA,23-360,90,6,3,3,50.0,2.5,4,9,44.4,31,4,22.6,31.3,4,50.0,37.5,7,2,28.6,0,14.3
Sat,2023-11-11,17:00 ,Reims,1.3,0–3,2.3,Paris S-G,"20,500",Stade Auguste-Delaune,Willy Delajod,Ligue-1,12,Luis Enrique,Paris S-G,4-2-2-2,Gianluigi Donnarumma,it ITA,24-259,90,6,0,6,100.0,0.9,1,5,20.0,37,4,13.5,22.8,4,0.0,13.3,23,1,4.3,0,4.0
Sat,2023-11-11,21:00 ,Le Havre,1.4,0–0,0.6,Monaco,"23,008",Stade Océane,Thomas Léonard,Ligue-1,12,Luka Elsner,Le Havre,3-4-3,Arthur Desmas,fr FRA,29-218,90,4,0,4,100.0,1.4,4,20,20.0,25,4,60.0,42.6,9,55.6,45.8,10,2,20.0,3,13.0
Sat,2023-11-11,21:00 ,Le Havre,1.4,0–0,0.6,Monaco,"23,008",Stade Océane,Thomas Léonard,Ligue-1,12,Adi Hütter,Monaco,3-4-3,Philipp Köhn,ch SUI,25-223,90,5,0,4,100.0,2.0,0,2,0.0,24,10,8.3,23.3,2,0.0,21.0,8,1,12.5,0,8.5
Sun,2023-11-12,15:00 ,Metz,1.1,3–1,1.3,Nantes,"21,674",Stade Saint-Symphorien,Florent Batta,Ligue-1,12,László Bölöni,Metz,4-2-3-1,Alexandre Oukidja,dz ALG,35-116,90,3,1,2,66.7,0.4,13,30,43.3,25,2,72.0,45.8,12,100.0,65.0,21,2,9.5,1,11.0
Sun,2023-11-12,15:00 ,Metz,1.1,3–1,1.3,Nantes,"21,674",Stade Saint-Symphorien,Florent Batta,Ligue-1,12,Pierre Aristouy,Nantes,3-4-3,Alban Lafont,fr FRA,24-293,90,4,3,1,25.0,1.6,3,8,37.5,36,7,22.2,25.4,3,0.0,17.3,9,1,11.1,2,18.7
Sun,2023-11-12,15:00 ,Clermont Foot,1.5,1–0,0.5,Lorient,,Stade Gabriel Montpied,Romain Lissorgue,Ligue-1,12,Pascal Gastien,Clermont Foot,3-5-2,Mory Diaw,sn SEN,30-143,90,3,0,3,100.0,1.0,9,15,60.0,36,6,36.1,33.3,6,33.3,32.2,15,2,13.3,2,9.6
Sun,2023-11-12,15:00 ,Clermont Foot,1.5,1–0,0.5,Lorient,,Stade Gabriel Montpied,Romain Lissorgue,Ligue-1,12,Régis Le Bris,Lorient,3-4-3,Yvon Mvogo,ch SUI,29-159,90,6,1,5,100.0,1.9,0,7,0.0,21,5,28.6,31.4,4,25.0,37.3,10,0,0.0,1,15.0
Sun,2023-11-12,15:00 ,Lille,2.5,1–1,0.1,Toulouse,"34,959",Decathlon Arena - Stade Pierre-Mauroy,Mathieu Vernice,Ligue-1,12,Paulo Fonseca,Lille,4-2-3-1,Lucas Chevalier,fr FRA,22-006,90,1,1,0,0.0,0.7,0,2,0.0,33,3,6.1,21.9,2,0.0,17.5,4,0,0.0,3,20.4
Sun,2023-11-12,15:00 ,Lille,2.5,1–1,0.1,Toulouse,"34,959",Decathlon Arena - Stade Pierre-Mauroy,Mathieu Vernice,Ligue-1,12,Carles Martínez,Toulouse,4-2-3-1,Guillaume Restes,fr FRA,18-246,90,5,1,4,80.0,1.8,3,13,23.1,19,2,42.1,32.2,5,100.0,54.2,18,0,0.0,0,7.0
Sun,2023-11-12,17:05 ,Rennes,0.9,0–1,1.5,Lyon,"28,441",Roazhon Park,Stéphanie Frappart,Ligue-1,12,Bruno Génésio,Rennes,4-4-2,Steve Mandanda,fr FRA,38-229,90,5,1,4,80.0,1.2,7,25,28.0,32,5,46.9,34.2,11,90.9,57.5,18,2,11.1,2,25.0
Sun,2023-11-12,17:05 ,Rennes,0.9,0–1,1.5,Lyon,"28,441",Roazhon Park,Stéphanie Frappart,Ligue-1,12,Fabio Grosso,Lyon,4-1-2-1-2,Anthony Lopes,pt POR,33-042,90,2,0,2,100.0,0.5,2,4,50.0,13,6,7.7,20.2,7,42.9,35.9,10,1,10.0,1,13.0
Sun,2023-11-12,20:45 ,Lens,1.1,1–0,1.0,Marseille,,Stade Bollaert-Delelis,Benoît Bastien,Ligue-1,12,Franck Haise,Lens,3-4-3,Brice Samba,fr FRA,29-201,90,2,0,2,100.0,0.6,3,6,50.0,15,3,33.3,32.2,4,25.0,20.5,17,1,5.9,0,5.0
Sun,2023-11-12,20:45 ,Lens,1.1,1–0,1.0,Marseille,,Stade Bollaert-Delelis,Benoît Bastien,Ligue-1,12,Gennaro Gattuso,Marseille,4-2-3-1,Pau López,es ESP,28-334,90,2,1,1,50.0,0.3,2,7,28.6,34,2,17.6,27.0,5,20.0,35.4,24,0,0.0,0,6.0
