gameweek_x,dayofweek,date,start_time,home_team,home_xg,score,away_xg,away_team,attendance,venue,referee,league,gameweek_y,manager,team,formation,name,ht_score,x,y,shirtnumber,nationality,position,age,minutes,goals,assists,pens_made,pens_att,shots,shots_on_target,cards_yellow,cards_red,touches,tackles,interceptions,blocks,xg,npxg,xg_assist,sca,gca,passes_completed,passes,passes_pct,progressive_passes,carries,progressive_carries,take_ons,take_ons_won,passes_total_distance,passes_progressive_distance,passes_completed_short,passes_short,passes_pct_short,passes_completed_medium,passes_medium,passes_pct_medium,passes_completed_long,passes_long,passes_pct_long,pass_xa,assisted_shots,passes_into_final_third,passes_into_penalty_area,crosses_into_penalty_area,passes_live,passes_dead,passes_free_kicks,through_balls,passes_switches,crosses,throw_ins,corner_kicks,corner_kicks_in,corner_kicks_out,corner_kicks_straight,passes_offsides,passes_blocked,tackles_won,tackles_def_3rd,tackles_mid_3rd,tackles_att_3rd,challenge_tackles,challenges,challenge_tackles_pct,challenges_lost,blocked_shots,blocked_passes,tackles_interceptions,clearances,errors,touches_def_pen_area,touches_def_3rd,touches_mid_3rd,touches_att_3rd,touches_att_pen_area,touches_live_ball,take_ons_won_pct,take_ons_tackled,take_ons_tackled_pct,carries_distance,carries_progressive_distance,carries_into_final_third,carries_into_penalty_area,miscontrols,dispossessed,passes_received,progressive_passes_received,cards_yellow_red,fouls,fouled,offsides,pens_won,pens_conceded,own_goals,ball_recoveries,aerials_won,aerials_lost,aerials_won_pct
10,Fri,2020-12-04,20:30 ,Hertha BSC,0.7,3–1,0.3,Union Berlin,,Olympiastadion Berlin,Felix Brych,Bundesliga,10,Bruno Labbadia,Hertha BSC,4-2-3-1,Dodi Lukebakio,0–1,50.0,45.0,11,BEL,FW,23.195,84,0,0,0,0,1,1,0,0,39,2,0,2,0.1,0.1,0.0,1,0,23,30,76.7,0,26,1,2,2,397,25,12,15,80.0,9,10,90.0,2,2,100.0,0.0,1,0,0,0,29,1,0,0,1,1,0,0,0,0,0,0,0,1,1,0,1,1,1,100.0,0,0,2,2,0,0,0,2,24,13,4,39,100.0,0,0.0,175,56,0,0,3,3,32,8,0,3,3,0,0,0,0,5,3,3,50.0
10,Fri,2020-12-04,20:30 ,Hertha BSC,0.7,3–1,0.3,Union Berlin,,Olympiastadion Berlin,Felix Brych,Bundesliga,10,Bruno Labbadia,Hertha BSC,4-2-3-1,   Maximilian Mittelstädt,0–1,9999.0,9999.0,17,GER,LM,23.715,6,0,0,0,0,0,0,0,0,9,0,0,1,0.0,0.0,0.0,1,0,3,6,50.0,0,5,0,0,0,36,10,2,3,66.7,1,2,50.0,0,0,,0.0,1,0,0,0,6,0,0,0,0,0,0,0,0,0,0,0,0,0,0,0,0,0,1,0.0,1,0,1,0,1,0,0,2,4,3,0,9,,0,,7,2,0,0,1,0,5,1,0,1,0,0,0,0,0,1,0,0,
10,Fri,2020-12-04,20:30 ,Hertha BSC,0.7,3–1,0.3,Union Berlin,,Olympiastadion Berlin,Felix Brych,Bundesliga,10,Bruno Labbadia,Hertha BSC,4-2-3-1,Matheus Cunha,0–1,25.0,45.0,10,BRA,"LW,RM,FW",21.523,89,0,0,0,0,1,1,1,0,56,2,0,0,0.0,0.0,0.2,5,1,30,42,71.4,4,36,3,6,4,580,186,13,16,81.3,12,15,80.0,4,5,80.0,0.2,2,3,0,0,34,8,3,0,0,6,1,4,2,0,0,0,5,1,0,2,0,0,2,0.0,2,0,0,2,0,0,0,2,25,30,0,56,66.7,2,33.3,285,96,4,0,5,3,41,2,0,5,1,0,0,0,0,5,2,1,66.7
10,Fri,2020-12-04,20:30 ,Hertha BSC,0.7,3–1,0.3,Union Berlin,,Olympiastadion Berlin,Felix Brych,Bundesliga,10,Bruno Labbadia,Hertha BSC,4-2-3-1,   Mathew Leckie,0–1,9999.0,9999.0,7,AUS,FW,29.833,1,0,0,0,0,0,0,0,0,0,0,0,0,0.0,0.0,0.0,0,0,0,0,,0,0,0,0,0,0,0,0,0,,0,0,,0,0,,0.0,0,0,0,0,0,0,0,0,0,0,0,0,0,0,0,0,0,0,0,0,0,0,0,,0,0,0,0,0,0,0,0,0,0,0,0,,0,,0,0,0,0,0,0,0,0,0,0,0,0,0,0,0,0,0,0,
10,Fri,2020-12-04,20:30 ,Hertha BSC,0.7,3–1,0.3,Union Berlin,,Olympiastadion Berlin,Felix Brych,Bundesliga,10,Bruno Labbadia,Hertha BSC,4-2-3-1,Lucas Tousart,0–1,83.33,40.0,29,FRA,RW,23.6,45,0,0,0,0,0,0,0,0,34,1,2,1,0.0,0.0,0.0,1,0,27,29,93.1,3,24,0,0,0,637,80,5,6,83.3,17,17,100.0,5,6,83.3,0.0,0,2,0,0,29,0,0,0,1,0,0,0,0,0,0,0,0,0,0,1,0,1,1,100.0,0,1,0,3,0,0,1,4,28,2,0,34,,0,,81,27,0,0,0,2,23,0,0,0,1,0,0,0,0,4,2,0,100.0
10,Fri,2020-12-04,20:30 ,Hertha BSC,0.7,3–1,0.3,Union Berlin,,Olympiastadion Berlin,Felix Brych,Bundesliga,10,Bruno Labbadia,Hertha BSC,4-2-3-1,   Javairô Dilrosun,0–1,9999.0,9999.0,16,NED,"LM,RM",22.452,45,0,1,0,0,0,0,0,0,34,0,0,0,0.0,0.0,0.1,1,1,24,28,85.7,0,25,3,2,1,426,15,11,12,91.7,10,13,76.9,2,2,100.0,0.1,1,1,1,1,27,1,0,0,0,2,1,0,0,0,0,0,1,0,0,0,0,0,0,,0,0,0,0,0,0,0,1,23,11,1,34,50.0,1,50.0,209,76,0,1,2,0,25,7,0,0,0,0,0,0,0,1,0,0,
10,Fri,2020-12-04,20:30 ,Hertha BSC,0.7,3–1,0.3,Union Berlin,,Olympiastadion Berlin,Felix Brych,Bundesliga,10,Bruno Labbadia,Hertha BSC,4-2-3-1,Vladimír Darida,0–1,66.67,15.0,6,CZE,AM,30.323,45,0,0,0,0,2,0,0,0,30,0,0,0,0.1,0.1,0.0,0,0,21,25,84.0,2,18,0,0,0,416,28,11,12,91.7,6,6,100.0,4,6,66.7,0.0,0,0,0,0,23,2,1,0,0,1,1,0,0,0,0,0,1,0,0,0,0,0,0,,0,0,0,0,0,0,0,2,18,10,1,30,,0,,132,30,1,0,1,0,21,4,0,0,0,0,0,0,0,2,0,2,0.0
10,Fri,2020-12-04,20:30 ,Hertha BSC,0.7,3–1,0.3,Union Berlin,,Olympiastadion Berlin,Felix Brych,Bundesliga,10,Bruno Labbadia,Hertha BSC,4-2-3-1,   Krzysztof Piątek,0–1,9999.0,9999.0,9,POL,FW,25.427,45,2,0,0,0,4,3,0,0,18,0,0,0,0.2,0.2,0.0,0,0,8,9,88.9,0,9,1,0,0,94,1,8,8,100.0,0,1,0.0,0,0,,0.0,0,1,0,0,8,1,0,0,0,0,0,0,0,0,0,0,0,0,0,0,0,0,1,0.0,1,0,0,0,3,0,3,3,5,10,3,18,,0,,30,11,0,1,0,1,11,2,0,1,0,0,0,0,0,0,2,1,66.7
10,Fri,2020-12-04,20:30 ,Hertha BSC,0.7,3–1,0.3,Union Berlin,,Olympiastadion Berlin,Felix Brych,Bundesliga,10,Bruno Labbadia,Hertha BSC,4-2-3-1,Mattéo Guendouzi,0–1,33.33,25.0,8,FRA,"CM,DM",21.641,90,0,0,0,0,1,1,0,0,98,0,0,2,0.1,0.1,0.0,1,0,74,88,84.1,9,80,5,2,0,1500,442,27,29,93.1,38,43,88.4,9,15,60.0,0.1,1,11,2,0,86,2,1,0,2,1,0,1,0,0,0,0,1,0,0,0,0,0,2,0.0,2,0,2,0,1,0,2,9,71,18,1,98,0.0,2,100.0,521,247,3,0,2,1,83,8,0,2,2,0,0,0,0,7,0,1,0.0
10,Fri,2020-12-04,20:30 ,Hertha BSC,0.7,3–1,0.3,Union Berlin,,Olympiastadion Berlin,Felix Brych,Bundesliga,10,Bruno Labbadia,Hertha BSC,4-2-3-1,Niklas Stark,0–1,33.33,15.0,5,GER,"CM,DM",25.641,90,0,0,0,0,0,0,0,0,62,2,2,2,0.0,0.0,0.0,0,0,37,48,77.1,5,28,0,1,1,740,108,13,15,86.7,21,27,77.8,3,5,60.0,0.0,0,2,0,0,47,1,1,0,1,0,0,0,0,0,0,0,0,1,0,2,0,2,4,50.0,2,0,2,4,3,0,2,11,44,7,2,62,100.0,0,0.0,89,16,0,0,2,0,28,2,0,2,1,0,0,0,0,5,4,5,44.4
10,Fri,2020-12-04,20:30 ,Hertha BSC,0.7,3–1,0.3,Union Berlin,,Olympiastadion Berlin,Felix Brych,Bundesliga,10,Bruno Labbadia,Hertha BSC,4-2-3-1,Marvin Plattenhardt,0–1,66.67,30.0,21,GER,LB,28.858,90,0,0,0,0,0,0,0,0,98,4,0,1,0.0,0.0,0.0,5,1,70,87,80.5,13,70,10,2,1,1151,466,34,35,97.1,31,38,81.6,4,11,36.4,0.1,0,9,1,0,73,14,1,0,1,8,9,4,1,2,0,0,1,3,0,2,2,1,2,50.0,1,0,1,4,0,0,1,14,65,21,0,98,50.0,1,50.0,489,338,1,0,1,1,64,3,0,0,0,0,0,0,0,9,1,1,50.0
10,Fri,2020-12-04,20:30 ,Hertha BSC,0.7,3–1,0.3,Union Berlin,,Olympiastadion Berlin,Felix Brych,Bundesliga,10,Bruno Labbadia,Hertha BSC,4-2-3-1,Jordan Torunarigha,0–1,83.33,20.0,25,GER,CB,23.326,90,0,0,0,0,0,0,0,0,102,1,1,0,0.0,0.0,0.0,0,0,84,95,88.4,4,80,1,0,0,1767,620,18,22,81.8,56,61,91.8,10,12,83.3,0.0,0,4,0,0,95,0,0,0,1,0,0,0,0,0,0,0,0,0,1,0,0,0,0,,0,0,0,2,2,0,2,39,59,4,3,102,,0,,489,232,1,0,3,1,83,0,0,0,0,0,0,0,0,4,3,1,75.0
10,Fri,2020-12-04,20:30 ,Hertha BSC,0.7,3–1,0.3,Union Berlin,,Olympiastadion Berlin,Felix Brych,Bundesliga,10,Bruno Labbadia,Hertha BSC,4-2-3-1,Dedryck Boyata,0–1,66.67,15.0,20,BEL,CB,30.016,90,0,0,0,0,0,0,0,0,118,0,1,1,0.0,0.0,0.0,0,0,106,113,93.8,3,101,1,0,0,2485,623,19,20,95.0,67,69,97.1,20,24,83.3,0.1,0,5,0,0,111,2,2,0,0,0,0,0,0,0,0,0,0,0,0,0,0,0,0,,0,1,0,1,2,0,3,52,65,1,1,118,,0,,485,254,0,0,0,0,101,1,0,1,0,0,0,0,0,10,2,0,100.0
10,Fri,2020-12-04,20:30 ,Hertha BSC,0.7,3–1,0.3,Union Berlin,,Olympiastadion Berlin,Felix Brych,Bundesliga,10,Bruno Labbadia,Hertha BSC,4-2-3-1,Peter Pekarík,0–1,83.33,15.0,2,SVK,RB,34.096,89,1,0,0,0,1,1,0,0,72,0,1,1,0.3,0.3,0.0,0,0,59,63,93.7,2,46,2,0,0,1007,195,30,31,96.8,24,24,100.0,5,8,62.5,0.0,0,1,0,0,53,10,1,0,0,1,9,0,0,0,0,0,0,0,0,0,0,0,0,,0,0,1,1,3,0,4,19,42,11,1,72,,0,,242,98,2,0,0,1,51,7,0,0,1,0,0,0,0,4,1,1,50.0
10,Fri,2020-12-04,20:30 ,Hertha BSC,0.7,3–1,0.3,Union Berlin,,Olympiastadion Berlin,Felix Brych,Bundesliga,10,Bruno Labbadia,Hertha BSC,4-2-3-1,   Deyovaisio Zeefuik,0–1,9999.0,9999.0,42,NED,RB,22.734,1,0,0,0,0,0,0,0,0,1,0,0,0,0.0,0.0,0.0,0,0,1,1,100.0,0,0,0,0,0,10,6,1,1,100.0,0,0,,0,0,,0.0,0,0,0,0,1,0,0,0,0,0,0,0,0,0,0,0,0,0,0,0,0,0,0,,0,0,0,0,0,0,0,0,1,0,0,1,,0,,0,0,0,0,0,0,0,0,0,0,0,0,0,0,0,0,0,0,
10,Fri,2020-12-04,20:30 ,Hertha BSC,0.7,3–1,0.3,Union Berlin,,Olympiastadion Berlin,Felix Brych,Bundesliga,10,Bruno Labbadia,Hertha BSC,4-2-3-1,Alexander Schwolow,0–1,50.0,5.0,1,GER,GK,28.507,90,0,0,0,0,0,0,0,0,26,0,0,0,0.0,0.0,0.0,0,0,22,26,84.6,0,21,0,0,0,628,449,3,3,100.0,11,11,100.0,8,12,66.7,0.0,0,0,0,0,22,4,0,0,0,0,0,0,0,0,0,0,0,0,0,0,0,0,0,,0,0,0,0,0,0,19,26,0,0,0,26,,0,,109,36,0,0,0,0,18,0,0,0,0,0,0,0,0,1,0,0,
10,Fri,2020-12-04,20:30 ,Hertha BSC,0.7,3–1,0.3,Union Berlin,,Olympiastadion Berlin,Felix Brych,Bundesliga,10,Urs Fischer,Union Berlin,3-4-1-2,Taiwo Awoniyi,0–1,75.0,45.0,14,NGA,"AM,FW",23.312,53,1,0,0,0,1,1,0,0,22,0,0,1,0.1,0.1,0.0,0,0,10,16,62.5,2,15,3,2,1,136,23,6,9,66.7,4,6,66.7,0,1,0.0,0.0,0,1,0,0,16,0,0,0,0,0,0,0,0,0,0,0,0,0,0,0,0,0,1,0.0,1,0,1,0,0,0,0,0,16,6,1,22,50.0,1,50.0,98,48,1,0,2,2,18,2,0,0,0,0,0,0,0,2,2,4,33.3
10,Fri,2020-12-04,20:30 ,Hertha BSC,0.7,3–1,0.3,Union Berlin,,Olympiastadion Berlin,Felix Brych,Bundesliga,10,Urs Fischer,Union Berlin,3-4-1-2,   Sebastian Griesbeck,0–1,9999.0,9999.0,33,GER,CM,30.17,37,0,0,0,0,1,0,0,0,10,0,1,0,0.1,0.1,0.0,0,0,3,6,50.0,0,7,0,0,0,28,9,2,3,66.7,0,0,,0,1,0.0,0.0,0,0,0,0,6,0,0,0,0,0,0,0,0,0,0,0,1,0,0,0,0,0,0,,0,0,0,1,0,0,0,1,8,1,1,10,,0,,9,3,0,0,1,0,7,1,0,0,1,0,0,0,0,1,0,2,0.0
10,Fri,2020-12-04,20:30 ,Hertha BSC,0.7,3–1,0.3,Union Berlin,,Olympiastadion Berlin,Felix Brych,Bundesliga,10,Urs Fischer,Union Berlin,3-4-1-2,Max Kruse,0–1,25.0,45.0,10,GER,FW,32.712,90,0,0,0,0,1,0,0,0,45,0,0,0,0.0,0.0,0.1,2,0,28,37,75.7,4,31,1,0,0,542,88,14,19,73.7,9,11,81.8,5,6,83.3,0.1,1,2,2,1,31,6,2,0,0,3,0,1,1,0,0,0,1,0,0,0,0,0,0,,0,0,0,0,0,0,0,1,25,19,1,45,,0,,111,33,1,0,3,0,33,6,0,0,2,0,0,0,0,3,0,1,0.0
10,Fri,2020-12-04,20:30 ,Hertha BSC,0.7,3–1,0.3,Union Berlin,,Olympiastadion Berlin,Felix Brych,Bundesliga,10,Urs Fischer,Union Berlin,3-4-1-2,Marcus Ingvartsen,0–1,50.0,35.0,32,DEN,"CM,AM,LB",24.918,90,0,1,0,0,0,0,0,0,34,0,0,2,0.0,0.0,0.1,3,2,20,28,71.4,4,24,0,2,1,265,62,16,18,88.9,2,3,66.7,2,4,50.0,0.1,1,4,1,0,27,0,0,0,0,2,0,0,0,0,0,1,2,0,0,0,0,0,1,0.0,1,0,2,0,0,0,0,4,19,12,0,34,50.0,1,50.0,83,31,0,0,2,2,23,5,0,0,1,0,0,0,0,6,1,2,33.3
10,Fri,2020-12-04,20:30 ,Hertha BSC,0.7,3–1,0.3,Union Berlin,,Olympiastadion Berlin,Felix Brych,Bundesliga,10,Urs Fischer,Union Berlin,3-4-1-2,Grischa Prömel,0–1,66.67,30.0,21,GER,CM,25.904,81,0,0,0,0,0,0,0,0,31,3,0,1,0.0,0.0,0.0,1,0,16,22,72.7,1,15,1,3,2,219,46,10,12,83.3,5,8,62.5,0,0,,0.0,0,2,0,0,21,1,0,0,0,0,0,0,0,0,0,0,1,2,2,1,0,0,0,,0,0,1,3,2,0,2,6,20,5,1,31,66.7,1,33.3,61,27,0,0,2,0,15,2,0,1,2,0,0,0,0,3,2,2,50.0
10,Fri,2020-12-04,20:30 ,Hertha BSC,0.7,3–1,0.3,Union Berlin,,Olympiastadion Berlin,Felix Brych,Bundesliga,10,Urs Fischer,Union Berlin,3-4-1-2,   Sheraldo Becker,0–1,9999.0,9999.0,27,SUR,CM,25.819,9,0,0,0,0,0,0,0,0,4,0,0,0,0.0,0.0,0.0,0,0,3,4,75.0,1,2,0,0,0,39,5,2,2,100.0,1,2,50.0,0,0,,0.0,0,0,0,0,4,0,0,0,0,1,0,0,0,0,0,0,0,0,0,0,0,0,0,,0,0,0,0,0,0,0,0,0,4,0,4,,0,,6,0,0,0,0,0,2,2,0,0,0,0,0,0,0,0,0,0,
10,Fri,2020-12-04,20:30 ,Hertha BSC,0.7,3–1,0.3,Union Berlin,,Olympiastadion Berlin,Felix Brych,Bundesliga,10,Urs Fischer,Union Berlin,3-4-1-2,Robert Andrich,0–1,33.33,30.0,30,GER,CM,26.2,22,0,0,0,0,0,0,0,1,8,0,0,0,0.0,0.0,0.0,2,0,4,7,57.1,0,7,0,2,2,78,11,2,3,66.7,2,3,66.7,0,1,0.0,0.0,1,0,0,0,7,0,0,0,0,0,0,0,0,0,0,0,0,0,0,0,0,0,0,,0,0,0,0,0,0,0,2,6,0,0,8,100.0,0,0.0,23,6,0,0,1,1,6,0,0,2,0,0,0,0,0,1,0,1,0.0
10,Fri,2020-12-04,20:30 ,Hertha BSC,0.7,3–1,0.3,Union Berlin,,Olympiastadion Berlin,Felix Brych,Bundesliga,10,Urs Fischer,Union Berlin,3-4-1-2,Christopher Lenz,0–1,83.33,20.0,25,GER,"WB,LB",26.2,76,0,0,0,0,1,0,1,0,36,6,1,2,0.0,0.0,0.0,0,0,15,22,68.2,2,23,1,0,0,192,80,11,14,78.6,3,4,75.0,1,4,25.0,0.0,0,1,0,0,20,2,0,0,0,0,2,0,0,0,0,0,1,3,1,5,0,1,3,33.3,2,0,2,7,3,0,3,9,18,10,1,36,,0,,144,76,3,0,2,0,19,4,0,2,3,0,0,0,0,5,1,1,50.0
10,Fri,2020-12-04,20:30 ,Hertha BSC,0.7,3–1,0.3,Union Berlin,,Olympiastadion Berlin,Felix Brych,Bundesliga,10,Urs Fischer,Union Berlin,3-4-1-2,   Niko Gießelmann,0–1,9999.0,9999.0,23,GER,"CB,LB",29.189,14,0,0,0,0,0,0,0,0,13,1,0,0,0.0,0.0,0.0,0,0,6,11,54.5,2,5,0,0,0,110,26,2,2,100.0,1,4,25.0,2,3,66.7,0.0,0,0,0,0,8,3,2,0,0,0,1,0,0,0,0,0,0,1,0,0,1,0,0,,0,0,0,1,1,0,0,4,4,6,1,13,,0,,23,6,0,0,0,0,5,2,0,0,1,1,0,0,0,3,2,0,100.0
10,Fri,2020-12-04,20:30 ,Hertha BSC,0.7,3–1,0.3,Union Berlin,,Olympiastadion Berlin,Felix Brych,Bundesliga,10,Urs Fischer,Union Berlin,3-4-1-2,Christopher Trimmel,0–1,16.67,20.0,28,AUT,"WB,RB",33.778,77,0,0,0,0,0,0,1,0,45,3,0,0,0.0,0.0,0.0,1,0,21,31,67.7,3,20,0,1,0,385,265,12,14,85.7,6,11,54.5,3,4,75.0,0.1,1,3,1,0,20,11,2,0,0,1,8,1,1,0,0,0,3,2,2,1,0,3,4,75.0,1,0,0,3,7,0,7,25,17,4,0,45,0.0,1,100.0,87,37,1,0,1,1,14,0,0,1,0,0,0,0,0,6,2,1,66.7
10,Fri,2020-12-04,20:30 ,Hertha BSC,0.7,3–1,0.3,Union Berlin,,Olympiastadion Berlin,Felix Brych,Bundesliga,10,Urs Fischer,Union Berlin,3-4-1-2,   Marius Bülter,0–1,9999.0,9999.0,15,GER,RB,27.685,13,0,0,0,0,0,0,0,0,12,0,0,1,0.0,0.0,0.0,0,0,4,6,66.7,0,7,0,3,2,42,12,4,6,66.7,0,0,,0,0,,0.0,0,0,0,0,5,1,0,0,0,1,1,0,0,0,0,0,0,0,0,0,0,0,0,,0,0,1,0,1,0,1,4,5,3,0,12,66.7,1,33.3,39,19,1,0,2,0,7,0,0,0,1,0,0,0,0,0,0,0,
10,Fri,2020-12-04,20:30 ,Hertha BSC,0.7,3–1,0.3,Union Berlin,,Olympiastadion Berlin,Felix Brych,Bundesliga,10,Urs Fischer,Union Berlin,3-4-1-2,Julian Ryerson,0–1,66.67,15.0,6,NOR,CB,23.047,81,0,0,0,0,0,0,1,0,37,1,1,0,0.0,0.0,0.0,0,0,24,29,82.8,4,20,0,0,0,415,191,13,14,92.9,9,11,81.8,2,4,50.0,0.0,0,2,0,0,26,3,3,0,0,0,0,0,0,0,0,0,0,1,0,1,0,0,0,,0,0,0,2,2,0,6,18,18,1,0,37,,0,,75,44,0,0,1,0,21,0,0,1,1,0,0,0,0,3,0,3,0.0
10,Fri,2020-12-04,20:30 ,Hertha BSC,0.7,3–1,0.3,Union Berlin,,Olympiastadion Berlin,Felix Brych,Bundesliga,10,Urs Fischer,Union Berlin,3-4-1-2,   Cedric Teuchert,0–1,9999.0,9999.0,36,GER,CM,23.89,9,0,0,0,0,0,0,0,0,3,0,0,0,0.0,0.0,0.0,0,0,2,3,66.7,1,2,1,0,0,21,16,2,2,100.0,0,0,,0,0,,0.0,0,1,0,0,3,0,0,0,0,1,0,0,0,0,0,0,1,0,0,0,0,0,0,,0,0,0,0,0,0,0,0,2,1,0,3,,0,,17,4,0,0,0,0,2,1,0,0,1,0,0,0,0,1,0,1,0.0
10,Fri,2020-12-04,20:30 ,Hertha BSC,0.7,3–1,0.3,Union Berlin,,Olympiastadion Berlin,Felix Brych,Bundesliga,10,Urs Fischer,Union Berlin,3-4-1-2,Robin Knoche,0–1,50.0,15.0,31,GER,CB,28.537,90,0,0,0,0,0,0,0,0,55,1,1,0,0.0,0.0,0.0,0,0,29,47,61.7,2,27,0,1,1,611,377,10,13,76.9,15,25,60.0,4,9,44.4,0.0,0,4,0,0,46,1,1,0,0,0,0,0,0,0,0,0,0,0,1,0,0,0,1,0.0,1,0,0,2,3,0,5,31,25,0,0,55,100.0,0,0.0,118,55,0,0,0,1,20,0,0,2,0,0,0,0,0,12,1,2,33.3
10,Fri,2020-12-04,20:30 ,Hertha BSC,0.7,3–1,0.3,Union Berlin,,Olympiastadion Berlin,Felix Brych,Bundesliga,10,Urs Fischer,Union Berlin,3-4-1-2,Marvin Friedrich,0–1,33.33,15.0,5,GER,CB,24.978,90,0,0,0,0,1,0,0,0,41,4,1,1,0.1,0.1,0.0,1,0,18,34,52.9,0,21,0,0,0,365,175,7,11,63.6,9,13,69.2,2,9,22.2,0.0,0,0,0,0,32,2,2,0,0,1,0,0,0,0,0,0,0,2,1,3,0,2,5,40.0,3,1,0,5,1,0,2,19,18,4,3,41,,0,,127,43,0,0,0,0,19,0,0,0,1,0,0,0,0,6,5,0,100.0
10,Fri,2020-12-04,20:30 ,Hertha BSC,0.7,3–1,0.3,Union Berlin,,Olympiastadion Berlin,Felix Brych,Bundesliga,10,Urs Fischer,Union Berlin,3-4-1-2,Andreas Luthe,0–1,50.0,5.0,1,GER,GK,33.737,90,0,0,0,0,0,0,0,0,27,0,0,1,0.0,0.0,0.0,0,0,17,24,70.8,0,15,0,0,0,689,554,0,0,,8,8,100.0,9,16,56.3,0.0,0,1,0,0,15,9,3,0,0,0,0,0,0,0,0,0,0,0,0,0,0,0,0,,0,0,1,0,0,1,19,27,0,0,0,27,,0,,69,47,0,0,0,0,7,0,0,0,0,0,0,0,0,0,0,0,
10,Sat,2020-12-05,15:30 ,Eint Frankfurt,1.0,1–1,1.1,Dortmund,,Deutsche Bank Park,Guido Winkmann,Bundesliga,10,Adi Hütter,Eint Frankfurt,3-4-3,André Silva,1–0,50.0,45.0,33,POR,FW,25.079,73,0,0,0,0,0,0,0,0,26,0,0,0,0.0,0.0,0.0,0,0,17,24,70.8,2,15,1,0,0,219,36,12,15,80.0,5,8,62.5,0,0,,0.0,0,0,0,0,22,2,0,0,0,0,0,0,0,0,0,0,1,0,0,0,0,0,0,,0,0,0,0,0,0,1,2,14,11,0,26,,0,,76,36,2,0,1,1,20,3,0,0,0,0,0,0,0,2,1,3,25.0
10,Sat,2020-12-05,15:30 ,Eint Frankfurt,1.0,1–1,1.1,Dortmund,,Deutsche Bank Park,Guido Winkmann,Bundesliga,10,Adi Hütter,Eint Frankfurt,3-4-3,   Bas Dost,1–0,9999.0,9999.0,9,NED,FW,31.515,17,0,0,0,0,0,0,0,0,6,0,0,0,0.0,0.0,0.0,0,0,2,5,40.0,0,4,1,0,0,33,4,1,2,50.0,1,2,50.0,0,1,0.0,0.0,0,0,0,0,5,0,0,0,0,0,0,0,0,0,0,0,0,0,0,0,0,0,0,,0,0,0,0,0,0,0,1,2,3,0,6,,0,,23,0,0,0,0,0,6,1,0,0,0,0,0,0,0,0,1,4,20.0
10,Sat,2020-12-05,15:30 ,Eint Frankfurt,1.0,1–1,1.1,Dortmund,,Deutsche Bank Park,Guido Winkmann,Bundesliga,10,Adi Hütter,Eint Frankfurt,3-4-3,Daichi Kamada,1–0,16.67,40.0,15,JPN,LW,24.334,90,1,0,0,0,1,1,1,0,48,2,0,0,0.2,0.2,0.0,3,0,24,35,68.6,1,25,1,3,0,346,52,12,15,80.0,12,15,80.0,0,5,0.0,0.0,1,2,0,0,35,0,0,0,0,1,0,0,0,0,0,0,0,1,1,1,0,1,1,100.0,0,0,0,2,3,0,3,8,26,15,1,48,0.0,3,100.0,137,57,2,0,0,3,35,6,0,3,0,0,0,0,0,6,0,2,0.0
10,Sat,2020-12-05,15:30 ,Eint Frankfurt,1.0,1–1,1.1,Dortmund,,Deutsche Bank Park,Guido Winkmann,Bundesliga,10,Adi Hütter,Eint Frankfurt,3-4-3,Aymen Barkok,1–0,83.33,40.0,27,MAR,RW,22.542,73,0,0,0,0,2,0,0,0,56,3,0,3,0.4,0.4,0.0,3,0,25,37,67.6,4,27,3,2,1,457,100,9,16,56.3,10,11,90.9,3,6,50.0,0.0,1,5,0,0,33,4,0,0,1,3,0,4,1,2,0,0,1,1,2,1,0,1,1,100.0,0,0,3,3,0,0,0,7,28,23,1,56,50.0,1,50.0,147,74,3,1,6,3,31,5,0,1,0,0,0,0,0,7,0,2,0.0
10,Sat,2020-12-05,15:30 ,Eint Frankfurt,1.0,1–1,1.1,Dortmund,,Deutsche Bank Park,Guido Winkmann,Bundesliga,10,Adi Hütter,Eint Frankfurt,3-4-3,   Dominik Kohr,1–0,9999.0,9999.0,28,GER,RW,26.847,17,0,0,0,0,0,0,0,0,11,2,0,0,0.0,0.0,0.0,1,0,4,8,50.0,0,3,0,0,0,56,9,3,6,50.0,1,2,50.0,0,0,,0.0,0,2,0,0,8,0,0,0,0,0,0,0,0,0,0,0,0,1,0,1,1,0,0,,0,0,0,2,1,0,1,1,5,5,1,11,,0,,17,0,0,0,1,0,7,2,0,1,0,0,0,0,0,1,1,1,50.0
10,Sat,2020-12-05,15:30 ,Eint Frankfurt,1.0,1–1,1.1,Dortmund,,Deutsche Bank Park,Guido Winkmann,Bundesliga,10,Adi Hütter,Eint Frankfurt,3-4-3,Filip Kostić,1–0,16.67,30.0,10,SRB,LM,28.093,90,0,0,0,0,4,0,1,0,62,3,1,0,0.1,0.1,0.0,2,1,29,47,61.7,1,29,2,4,1,399,132,20,24,83.3,7,14,50.0,2,7,28.6,0.0,0,1,0,0,36,10,0,0,0,6,8,2,1,1,0,1,1,1,1,1,1,1,2,50.0,1,0,0,4,2,0,3,15,28,19,2,62,25.0,3,75.0,150,68,2,0,0,0,31,4,0,1,1,0,0,0,0,6,1,1,50.0
10,Sat,2020-12-05,15:30 ,Eint Frankfurt,1.0,1–1,1.1,Dortmund,,Deutsche Bank Park,Guido Winkmann,Bundesliga,10,Adi Hütter,Eint Frankfurt,3-4-3,Sebastian Rode,1–0,33.33,30.0,17,GER,CM,30.151,66,0,0,0,0,0,0,1,0,49,2,4,0,0.0,0.0,0.2,1,0,29,40,72.5,2,22,1,0,0,466,129,13,19,68.4,13,15,86.7,2,4,50.0,0.0,1,2,0,0,40,0,0,0,0,1,0,0,0,0,0,0,2,2,1,1,0,1,1,100.0,0,0,0,6,0,0,1,12,34,3,0,49,,0,,82,32,1,0,1,1,30,2,0,1,0,0,0,0,0,4,1,0,100.0
10,Sat,2020-12-05,15:30 ,Eint Frankfurt,1.0,1–1,1.1,Dortmund,,Deutsche Bank Park,Guido Winkmann,Bundesliga,10,Adi Hütter,Eint Frankfurt,3-4-3,   Stefan Ilsanker,1–0,9999.0,9999.0,3,AUT,CM,31.551,24,0,0,0,0,0,0,0,0,14,1,0,0,0.0,0.0,0.0,0,0,9,11,81.8,4,5,0,0,0,152,72,3,3,100.0,4,5,80.0,1,1,100.0,0.1,0,0,2,1,11,0,0,0,0,1,0,0,0,0,0,0,1,0,0,1,0,0,0,,0,0,0,1,1,0,1,4,6,4,0,14,,0,,9,2,0,0,0,1,5,1,0,0,0,0,0,0,0,0,0,1,0.0
10,Sat,2020-12-05,15:30 ,Eint Frankfurt,1.0,1–1,1.1,Dortmund,,Deutsche Bank Park,Guido Winkmann,Bundesliga,10,Adi Hütter,Eint Frankfurt,3-4-3,Djibril Sow,1–0,66.67,30.0,8,SUI,CM,23.83,90,0,0,0,0,0,0,1,0,67,4,1,3,0.0,0.0,0.1,4,0,45,54,83.3,6,26,1,1,1,709,258,21,27,77.8,20,22,90.9,3,4,75.0,0.1,2,4,1,0,54,0,0,0,0,1,0,0,0,0,0,0,0,0,0,3,1,3,3,100.0,0,0,3,5,0,0,0,15,45,7,0,67,100.0,0,0.0,109,62,0,0,1,1,39,3,0,1,0,0,0,0,0,7,2,0,100.0
10,Sat,2020-12-05,15:30 ,Eint Frankfurt,1.0,1–1,1.1,Dortmund,,Deutsche Bank Park,Guido Winkmann,Bundesliga,10,Adi Hütter,Eint Frankfurt,3-4-3,Erik Durm,1–0,83.33,30.0,25,GER,RM,28.567,90,0,0,0,0,2,0,0,0,52,0,3,0,0.3,0.3,0.1,1,0,31,43,72.1,3,28,2,1,0,552,297,13,14,92.9,17,22,77.3,1,5,20.0,0.0,1,4,1,1,32,11,0,0,0,1,11,0,0,0,0,0,1,0,0,0,0,0,2,0.0,2,0,0,3,1,0,1,13,31,9,1,52,0.0,1,100.0,124,60,2,1,0,1,28,4,0,1,1,0,0,0,0,7,1,1,50.0
10,Sat,2020-12-05,15:30 ,Eint Frankfurt,1.0,1–1,1.1,Dortmund,,Deutsche Bank Park,Guido Winkmann,Bundesliga,10,Adi Hütter,Eint Frankfurt,3-4-3,Obite N'Dicka,1–0,33.33,15.0,2,CIV,CB,21.293,90,0,0,0,0,0,0,1,0,56,3,7,0,0.0,0.0,0.0,0,0,31,42,73.8,3,27,0,0,0,540,339,17,18,94.4,11,18,61.1,3,4,75.0,0.0,0,0,0,0,40,2,1,0,0,1,1,0,0,0,0,0,1,3,2,1,0,2,2,100.0,0,0,0,10,1,0,4,29,25,2,1,56,,0,,172,50,0,0,2,0,27,0,0,2,0,0,0,0,0,10,0,1,0.0
10,Sat,2020-12-05,15:30 ,Eint Frankfurt,1.0,1–1,1.1,Dortmund,,Deutsche Bank Park,Guido Winkmann,Bundesliga,10,Adi Hütter,Eint Frankfurt,3-4-3,Martin Hinteregger,1–0,50.0,15.0,13,AUT,CB,28.244,90,0,1,0,0,0,0,0,0,49,0,3,2,0.0,0.0,0.2,1,1,29,41,70.7,2,23,0,0,0,661,345,5,5,100.0,15,19,78.9,7,14,50.0,0.0,1,2,1,0,38,3,3,0,0,0,0,0,0,0,0,0,0,0,0,0,0,0,1,0.0,1,2,0,3,1,0,12,26,23,0,0,49,,0,,81,30,0,0,0,0,24,0,0,1,1,0,0,0,0,6,1,0,100.0
10,Sat,2020-12-05,15:30 ,Eint Frankfurt,1.0,1–1,1.1,Dortmund,,Deutsche Bank Park,Guido Winkmann,Bundesliga,10,Adi Hütter,Eint Frankfurt,3-4-3,David Abraham,1–0,66.67,15.0,19,ARG,CB,34.392,90,0,0,0,0,0,0,1,0,45,2,2,1,0.0,0.0,0.0,0,0,34,41,82.9,3,22,0,1,1,634,245,12,14,85.7,18,22,81.8,4,5,80.0,0.0,0,0,0,0,39,2,2,0,0,0,0,0,0,0,0,0,0,2,2,0,0,1,1,100.0,0,0,1,4,1,0,2,19,25,1,0,45,100.0,0,0.0,83,42,1,0,0,0,22,0,0,2,0,1,0,0,0,8,5,0,100.0
10,Sat,2020-12-05,15:30 ,Eint Frankfurt,1.0,1–1,1.1,Dortmund,,Deutsche Bank Park,Guido Winkmann,Bundesliga,10,Adi Hütter,Eint Frankfurt,3-4-3,Kevin Trapp,1–0,50.0,5.0,1,GER,GK,30.411,90,0,0,0,0,0,0,0,0,41,0,0,0,0.0,0.0,0.0,0,0,17,39,43.6,0,25,0,0,0,533,420,4,4,100.0,6,6,100.0,7,29,24.1,0.0,0,1,0,0,26,13,4,0,0,0,0,0,0,0,0,0,0,0,0,0,0,0,1,0.0,1,0,0,0,1,0,34,41,0,0,0,41,,0,,115,82,0,0,0,0,16,0,0,0,0,0,0,0,0,0,1,0,100.0
10,Sat,2020-12-05,15:30 ,Eint Frankfurt,1.0,1–1,1.1,Dortmund,,Deutsche Bank Park,Guido Winkmann,Bundesliga,10,Lucien Favre,Dortmund,3-4-3,Julian Brandt,1–0,66.67,15.0,19,GER,"FW,CM",24.595,73,0,0,0,0,2,0,0,0,44,2,0,0,0.1,0.1,0.0,2,0,27,36,75.0,4,19,2,1,0,340,115,19,23,82.6,7,9,77.8,0,1,0.0,0.0,1,2,1,0,33,3,0,0,0,1,0,2,0,1,0,0,2,1,2,0,0,1,1,100.0,0,0,0,2,1,0,2,10,20,14,3,44,0.0,1,100.0,109,34,0,1,0,1,31,4,0,0,0,1,0,0,0,4,1,4,20.0
10,Sat,2020-12-05,15:30 ,Eint Frankfurt,1.0,1–1,1.1,Dortmund,,Deutsche Bank Park,Guido Winkmann,Bundesliga,10,Lucien Favre,Dortmund,3-4-3,   Jude Bellingham,1–0,9999.0,9999.0,22,ENG,CM,17.436,17,0,0,0,0,0,0,0,0,11,1,0,0,0.0,0.0,0.0,1,0,5,10,50.0,2,6,0,1,1,89,31,1,3,33.3,4,5,80.0,0,0,,0.2,1,0,1,0,9,0,0,1,0,0,0,0,0,0,0,1,1,0,0,0,1,0,0,,0,0,0,1,0,0,0,1,5,5,1,11,100.0,0,0.0,21,8,1,0,0,0,8,2,0,0,1,0,0,0,0,3,0,0,
10,Sat,2020-12-05,15:30 ,Eint Frankfurt,1.0,1–1,1.1,Dortmund,,Deutsche Bank Park,Guido Winkmann,Bundesliga,10,Lucien Favre,Dortmund,3-4-3,Gio Reyna,1–0,66.67,35.0,32,USA,AM,18.06,90,1,0,0,0,4,2,0,0,58,2,0,1,0.2,0.2,0.3,6,0,30,39,76.9,2,42,3,4,1,424,60,17,19,89.5,10,13,76.9,0,2,0.0,0.1,1,1,2,0,34,4,1,0,0,3,1,2,1,0,0,1,0,1,0,2,0,0,0,,0,1,0,2,0,0,1,6,31,22,6,58,25.0,3,75.0,301,171,4,1,4,4,47,13,0,1,5,1,0,0,0,12,0,4,0.0
10,Sat,2020-12-05,15:30 ,Eint Frankfurt,1.0,1–1,1.1,Dortmund,,Deutsche Bank Park,Guido Winkmann,Bundesliga,10,Lucien Favre,Dortmund,3-4-3,Jadon Sancho,1–0,33.33,35.0,7,ENG,AM,20.699,90,0,1,0,0,3,0,0,0,63,0,0,0,0.4,0.4,0.4,8,1,36,51,70.6,7,39,5,5,1,549,161,16,23,69.6,13,15,86.7,2,5,40.0,0.3,4,3,2,0,45,5,3,0,0,3,1,1,0,1,0,1,0,0,0,0,0,0,0,,0,0,0,0,0,0,0,3,27,35,2,63,20.0,4,80.0,306,139,3,0,6,1,51,14,0,0,4,1,0,0,0,2,0,0,
10,Sat,2020-12-05,15:30 ,Eint Frankfurt,1.0,1–1,1.1,Dortmund,,Deutsche Bank Park,Guido Winkmann,Bundesliga,10,Lucien Favre,Dortmund,3-4-3,Axel Witsel,1–0,66.67,30.0,28,BEL,CM,31.899,90,0,0,0,0,2,0,0,0,80,2,3,2,0.1,0.1,0.0,3,0,66,70,94.3,6,40,0,1,1,1047,243,29,29,100.0,31,32,96.9,3,3,100.0,0.0,0,5,0,0,70,0,0,0,0,0,0,0,0,0,0,0,1,2,0,2,0,1,1,100.0,0,0,2,5,1,0,0,12,58,10,0,80,100.0,0,0.0,186,74,1,0,0,0,52,0,0,0,1,0,0,0,0,14,1,0,100.0
10,Sat,2020-12-05,15:30 ,Eint Frankfurt,1.0,1–1,1.1,Dortmund,,Deutsche Bank Park,Guido Winkmann,Bundesliga,10,Lucien Favre,Dortmund,3-4-3,Mahmoud Dahoud,1–0,66.67,30.0,8,GER,CM,24.929,45,0,0,0,0,0,0,0,0,27,2,0,0,0.0,0.0,0.0,0,0,14,19,73.7,2,9,1,1,0,197,37,6,6,100.0,6,8,75.0,0,2,0.0,0.0,0,0,0,0,19,0,0,1,0,0,0,0,0,0,0,0,0,0,1,1,0,2,3,66.7,1,0,0,2,1,0,1,4,22,1,0,27,0.0,1,100.0,57,29,0,0,1,0,15,1,0,0,0,0,0,0,0,3,0,0,
10,Sat,2020-12-05,15:30 ,Eint Frankfurt,1.0,1–1,1.1,Dortmund,,Deutsche Bank Park,Guido Winkmann,Bundesliga,10,Lucien Favre,Dortmund,3-4-3,   Youssoufa Moukoko,1–0,9999.0,9999.0,18,GER,FW,16.041,45,0,0,0,0,2,1,0,0,11,0,0,0,0.1,0.1,0.0,1,0,3,3,100.0,1,5,1,0,0,25,5,2,2,100.0,0,0,,0,0,,0.0,0,0,0,0,2,1,0,0,0,0,0,0,0,0,0,0,0,0,0,0,0,0,0,,0,0,0,0,0,0,0,1,2,8,3,11,,0,,23,16,1,1,2,0,5,2,0,1,0,1,0,0,0,0,0,0,
10,Sat,2020-12-05,15:30 ,Eint Frankfurt,1.0,1–1,1.1,Dortmund,,Deutsche Bank Park,Guido Winkmann,Bundesliga,10,Lucien Favre,Dortmund,3-4-3,Mateu Morey,1–0,33.33,15.0,2,ESP,DM,20.762,90,0,0,0,0,0,0,0,0,,,1,,,,,,,,,,,,,,,,,,,,,,,,,,,,,,,,,,,,2,,,,,,,,1,,,,,,,,,,,,,,,,,,,,,,,,,,,,,,0,0,0,0,,,0,,,,
10,Sat,2020-12-05,15:30 ,Eint Frankfurt,1.0,1–1,1.1,Dortmund,,Deutsche Bank Park,Guido Winkmann,Bundesliga,10,Lucien Favre,Dortmund,3-4-3,Nico Schulz,1–0,83.33,20.0,14,GER,WB,27.679,90,0,0,0,0,0,0,0,0,60,2,1,2,0.0,0.0,0.0,2,1,39,51,76.5,6,25,1,0,0,587,165,16,17,94.1,19,23,82.6,1,6,16.7,0.0,1,3,0,0,50,1,0,0,0,1,1,0,0,0,0,0,2,1,1,1,0,1,3,33.3,2,1,1,3,2,0,3,14,39,9,1,60,,0,,126,61,2,0,1,2,37,3,0,1,1,0,0,0,0,10,1,1,50.0
10,Sat,2020-12-05,15:30 ,Eint Frankfurt,1.0,1–1,1.1,Dortmund,,Deutsche Bank Park,Guido Winkmann,Bundesliga,10,Lucien Favre,Dortmund,3-4-3,Dan-Axel Zagadou,1–0,66.67,15.0,5,FRA,CB,21.507,90,0,0,0,0,1,1,0,0,92,2,3,2,0.0,0.0,0.0,0,0,60,80,75.0,1,53,0,1,0,968,263,26,33,78.8,30,38,78.9,2,5,40.0,0.0,0,1,0,0,78,2,2,0,0,0,0,0,0,0,0,0,0,2,2,0,0,0,0,,0,1,1,5,2,0,6,31,59,3,1,92,0.0,1,100.0,194,92,0,0,1,1,59,1,0,0,0,0,0,0,0,9,4,2,66.7
10,Sat,2020-12-05,15:30 ,Eint Frankfurt,1.0,1–1,1.1,Dortmund,,Deutsche Bank Park,Guido Winkmann,Bundesliga,10,Lucien Favre,Dortmund,3-4-3,Mats Hummels,1–0,16.67,40.0,15,GER,CB,31.973,90,0,0,0,0,1,0,0,0,89,1,0,1,0.2,0.2,0.0,0,0,66,81,81.5,5,45,1,0,0,1270,511,24,25,96.0,37,44,84.1,5,10,50.0,0.0,0,2,0,0,80,1,1,0,1,0,0,0,0,0,0,0,0,0,0,1,0,0,0,,0,0,1,1,5,1,7,36,54,1,1,89,,0,,259,189,0,0,0,0,54,0,0,1,0,1,0,0,0,11,3,2,60.0
10,Sat,2020-12-05,15:30 ,Eint Frankfurt,1.0,1–1,1.1,Dortmund,,Deutsche Bank Park,Guido Winkmann,Bundesliga,10,Lucien Favre,Dortmund,3-4-3,Emre Can,1–0,33.33,15.0,23,GER,CB,26.899,90,0,0,0,0,1,1,1,0,76,4,1,2,0.0,0.0,0.1,3,0,50,66,75.8,3,36,1,1,1,955,247,19,24,79.2,22,25,88.0,7,12,58.3,0.1,2,4,2,0,61,4,4,0,0,0,0,0,0,0,0,1,1,2,0,4,0,2,2,100.0,0,1,1,5,1,0,7,25,45,8,2,76,100.0,0,0.0,187,122,2,0,1,0,46,1,0,1,2,0,0,0,0,6,5,0,100.0
10,Sat,2020-12-05,15:30 ,Eint Frankfurt,1.0,1–1,1.1,Dortmund,,Deutsche Bank Park,Guido Winkmann,Bundesliga,10,Lucien Favre,Dortmund,3-4-3,Roman Bürki,1–0,50.0,5.0,1,SUI,GK,30.058,90,0,0,0,0,0,0,0,0,40,0,0,0,0.0,0.0,0.0,0,0,30,40,75.0,0,23,0,0,0,675,426,7,7,100.0,19,19,100.0,4,14,28.6,0.0,0,0,0,0,32,8,1,0,0,0,0,0,0,0,0,0,0,0,0,0,0,0,0,,0,0,0,0,0,0,37,40,0,0,0,40,,0,,123,32,0,0,0,0,26,0,0,0,0,0,0,0,0,2,0,0,
10,Sat,2020-12-05,15:30 ,Köln,1.1,2–2,1.9,Wolfsburg,,RheinEnergieSTADION,Sven Jablonski,Bundesliga,10,Markus Gisdol,Köln,3-1-4-2,Ondrej Duda,2–1,25.0,45.0,18,SVK,FW,26.0,90,1,0,0,0,1,1,0,0,56,0,0,2,0.4,0.4,0.1,2,0,30,47,63.8,1,24,2,0,0,518,44,17,22,77.3,9,14,64.3,4,6,66.7,0.1,1,2,0,0,41,6,1,0,1,2,0,2,1,1,0,0,3,0,0,0,0,0,0,,0,0,2,0,1,0,0,3,35,18,2,56,,0,,124,75,0,0,1,0,40,2,0,3,1,1,0,0,0,0,5,2,71.4
10,Sat,2020-12-05,15:30 ,Köln,1.1,2–2,1.9,Wolfsburg,,RheinEnergieSTADION,Sven Jablonski,Bundesliga,10,Markus Gisdol,Köln,3-1-4-2,Jan Thielmann,2–1,75.0,45.0,29,GER,FW,18.529,90,1,0,0,0,1,1,0,0,46,0,0,1,0.4,0.4,0.0,1,0,26,38,68.4,4,30,1,0,0,427,169,13,17,76.5,12,15,80.0,1,2,50.0,0.1,1,4,0,0,37,1,0,0,0,2,1,0,0,0,0,0,2,0,0,0,0,0,0,,0,0,1,0,1,0,1,6,16,25,1,46,,0,,146,80,3,0,5,2,37,3,0,1,1,0,0,0,0,4,2,0,100.0
10,Sat,2020-12-05,15:30 ,Köln,1.1,2–2,1.9,Wolfsburg,,RheinEnergieSTADION,Sven Jablonski,Bundesliga,10,Markus Gisdol,Köln,3-1-4-2,Ismail Jakobs,2–1,16.67,40.0,8,SEN,LW,21.301,90,0,0,0,0,1,0,0,0,58,2,0,2,0.0,0.0,0.0,1,1,30,46,65.2,1,24,2,1,0,499,198,16,19,84.2,10,15,66.7,2,8,25.0,0.0,0,2,1,0,38,7,0,0,0,2,7,0,0,0,0,1,0,0,2,0,0,0,1,0.0,1,0,2,2,3,0,2,18,24,16,1,58,0.0,1,100.0,107,47,1,1,2,1,31,4,0,1,0,0,0,0,0,7,2,1,66.7
10,Sat,2020-12-05,15:30 ,Köln,1.1,2–2,1.9,Wolfsburg,,RheinEnergieSTADION,Sven Jablonski,Bundesliga,10,Markus Gisdol,Köln,3-1-4-2,Marius Wolf,2–1,83.33,40.0,31,GER,RW,25.526,87,0,0,0,0,0,0,0,0,70,1,0,0,0.0,0.0,0.0,3,1,45,61,73.8,6,35,6,4,2,705,462,27,31,87.1,13,18,72.2,3,8,37.5,0.1,1,6,2,0,43,18,0,0,1,2,18,0,0,0,0,0,2,0,1,0,0,1,4,25.0,3,0,0,1,2,0,2,13,31,27,3,70,50.0,2,50.0,253,195,3,2,0,2,43,4,0,0,0,0,0,0,0,6,1,2,33.3
10,Sat,2020-12-05,15:30 ,Köln,1.1,2–2,1.9,Wolfsburg,,RheinEnergieSTADION,Sven Jablonski,Bundesliga,10,Markus Gisdol,Köln,3-1-4-2,   Benno Schmitz,2–1,9999.0,9999.0,2,GER,RW,26.049,3,0,0,0,0,0,0,0,0,3,0,0,0,0.0,0.0,0.0,0,0,1,3,33.3,0,1,0,0,0,7,7,1,1,100.0,0,0,,0,2,0.0,0.0,0,0,0,0,3,0,0,0,0,0,0,0,0,0,0,0,0,0,0,0,0,0,0,,0,0,0,0,0,0,0,0,1,2,0,3,,0,,0,0,0,0,0,0,2,0,0,1,1,0,0,0,0,0,0,0,
10,Sat,2020-12-05,15:30 ,Köln,1.1,2–2,1.9,Wolfsburg,,RheinEnergieSTADION,Sven Jablonski,Bundesliga,10,Markus Gisdol,Köln,3-1-4-2,Elvis Rexhbeçaj,2–1,33.33,30.0,20,GER,CM,23.093,87,0,1,0,0,1,1,0,0,38,0,3,3,0.0,0.0,0.4,1,1,19,27,70.4,3,20,0,3,3,295,86,10,11,90.9,7,10,70.0,1,3,33.3,0.3,1,1,1,0,25,1,0,0,0,1,0,1,1,0,0,1,0,0,0,0,0,0,2,0.0,2,0,3,3,1,0,0,7,20,12,2,38,100.0,0,0.0,86,17,0,0,4,1,20,2,0,2,0,0,0,0,0,4,0,1,0.0
10,Sat,2020-12-05,15:30 ,Köln,1.1,2–2,1.9,Wolfsburg,,RheinEnergieSTADION,Sven Jablonski,Bundesliga,10,Markus Gisdol,Köln,3-1-4-2,   Sebastian Andersson,2–1,9999.0,9999.0,9,SWE,CM,29.392,3,0,0,0,0,0,0,0,0,3,0,0,0,0.0,0.0,0.0,0,0,2,2,100.0,0,2,0,0,0,17,0,2,2,100.0,0,0,,0,0,,0.0,0,0,0,0,2,0,0,0,0,0,0,0,0,0,0,0,0,0,0,0,0,0,0,,0,0,0,0,0,0,0,0,3,0,0,3,,0,,1,0,0,0,1,0,3,0,0,0,0,0,0,0,0,0,0,0,
10,Sat,2020-12-05,15:30 ,Köln,1.1,2–2,1.9,Wolfsburg,,RheinEnergieSTADION,Sven Jablonski,Bundesliga,10,Markus Gisdol,Köln,3-1-4-2,Salih Özcan,2–1,66.67,30.0,21,TUR,CM,22.901,38,0,1,0,0,1,0,0,0,25,1,0,0,0.0,0.0,0.4,2,1,12,19,63.2,0,12,0,0,0,210,30,7,10,70.0,4,6,66.7,1,1,100.0,0.3,1,2,0,0,18,1,1,0,0,1,0,0,0,0,0,0,1,0,1,0,0,0,0,,0,0,0,1,0,0,0,6,12,7,1,25,,0,,41,12,0,0,2,0,16,3,0,0,3,0,0,0,0,3,1,1,50.0
10,Sat,2020-12-05,15:30 ,Köln,1.1,2–2,1.9,Wolfsburg,,RheinEnergieSTADION,Sven Jablonski,Bundesliga,10,Markus Gisdol,Köln,3-1-4-2,   Dominick Drexler,2–1,9999.0,9999.0,24,GER,CM,30.529,52,0,0,0,0,0,0,0,0,30,3,0,2,0.0,0.0,0.0,0,0,12,21,57.1,2,13,0,1,1,101,21,7,11,63.6,1,1,100.0,0,3,0.0,0.0,0,0,0,0,21,0,0,0,1,3,0,0,0,0,0,0,1,1,1,2,0,1,1,100.0,0,0,2,3,2,0,4,10,10,10,1,30,100.0,0,0.0,65,18,0,0,1,0,17,4,0,1,2,1,0,0,0,3,1,0,100.0
10,Sat,2020-12-05,15:30 ,Köln,1.1,2–2,1.9,Wolfsburg,,RheinEnergieSTADION,Sven Jablonski,Bundesliga,10,Markus Gisdol,Köln,3-1-4-2,Ellyes Skhiri,2–1,50.0,25.0,28,TUN,DM,25.573,90,0,0,0,0,0,0,0,0,39,1,2,2,0.0,0.0,0.0,0,0,25,28,89.3,2,11,0,0,0,370,159,16,17,94.1,5,5,100.0,2,4,50.0,0.0,0,3,0,0,26,2,2,0,0,0,0,0,0,0,0,0,0,0,0,1,0,0,1,0.0,1,0,2,3,3,0,4,20,19,1,0,39,,0,,35,6,0,0,0,0,12,1,0,0,0,0,0,0,0,6,2,2,50.0
10,Sat,2020-12-05,15:30 ,Köln,1.1,2–2,1.9,Wolfsburg,,RheinEnergieSTADION,Sven Jablonski,Bundesliga,10,Markus Gisdol,Köln,3-1-4-2,Jannes Horn,2–1,33.33,15.0,23,GER,CB,23.83,90,0,0,0,0,0,0,0,0,54,2,0,2,0.0,0.0,0.0,0,0,35,45,77.8,5,20,1,0,0,716,376,12,14,85.7,17,18,94.4,6,13,46.2,0.0,0,3,0,0,35,10,3,0,0,0,7,0,0,0,0,0,0,0,0,2,0,0,0,,0,1,1,2,0,0,5,28,26,0,0,54,,0,,128,59,0,0,2,0,28,0,0,2,0,0,0,0,0,2,0,0,
10,Sat,2020-12-05,15:30 ,Köln,1.1,2–2,1.9,Wolfsburg,,RheinEnergieSTADION,Sven Jablonski,Bundesliga,10,Markus Gisdol,Köln,3-1-4-2,Sebastiaan Bornauw,2–1,50.0,15.0,33,BEL,CB,21.707,90,0,0,0,0,1,0,0,0,31,0,3,1,0.1,0.1,0.0,0,0,14,20,70.0,0,12,0,0,0,377,181,0,2,0.0,9,10,90.0,5,7,71.4,0.0,0,0,0,0,19,1,1,0,0,0,0,0,0,0,0,0,0,0,0,0,0,0,0,,0,1,0,3,4,0,8,26,4,1,1,31,,0,,55,2,0,0,1,0,11,0,0,1,1,0,0,0,0,3,1,1,50.0
10,Sat,2020-12-05,15:30 ,Köln,1.1,2–2,1.9,Wolfsburg,,RheinEnergieSTADION,Sven Jablonski,Bundesliga,10,Markus Gisdol,Köln,3-1-4-2,Sava Cestic,2–1,66.67,15.0,26,SRB,CB,19.795,90,0,0,0,0,0,0,0,0,34,3,0,1,0.0,0.0,0.0,2,0,23,28,82.1,0,17,0,0,0,540,229,4,4,100.0,14,16,87.5,5,8,62.5,0.0,1,2,0,0,26,2,2,0,0,0,0,0,0,0,0,0,0,3,3,0,0,0,1,0.0,1,0,1,3,2,0,3,19,15,0,0,34,,0,,71,38,0,0,0,1,17,0,0,0,2,0,0,0,0,7,2,2,50.0
10,Sat,2020-12-05,15:30 ,Köln,1.1,2–2,1.9,Wolfsburg,,RheinEnergieSTADION,Sven Jablonski,Bundesliga,10,Markus Gisdol,Köln,3-1-4-2,Timo Horn,2–1,50.0,5.0,1,GER,GK,27.567,90,0,0,0,0,0,0,0,0,37,0,0,0,0.0,0.0,0.0,0,0,19,33,57.6,0,20,0,0,0,939,847,0,0,,4,5,80.0,15,28,53.6,0.0,0,3,0,0,22,11,2,0,0,0,0,0,0,0,0,0,0,0,0,0,0,0,0,,0,0,0,0,1,0,33,37,0,0,0,37,,0,,101,72,0,0,0,0,15,0,0,0,0,0,0,0,0,0,0,0,
10,Sat,2020-12-05,15:30 ,Köln,1.1,2–2,1.9,Wolfsburg,,RheinEnergieSTADION,Sven Jablonski,Bundesliga,10,Oliver Glasner,Wolfsburg,4-2-3-1,Wout Weghorst,2–1,50.0,45.0,9,NED,FW,28.329,90,1,0,0,0,2,2,0,0,34,1,1,0,0.8,0.8,0.3,6,1,21,26,80.8,1,21,1,2,2,267,62,14,15,93.3,5,6,83.3,0,0,,0.1,5,1,1,0,24,2,1,0,0,0,0,0,0,0,0,0,2,0,0,1,0,0,1,0.0,1,0,0,2,0,0,0,1,15,20,8,34,100.0,0,0.0,90,51,1,0,2,2,21,5,0,0,1,0,0,0,0,6,1,1,50.0
10,Sat,2020-12-05,15:30 ,Köln,1.1,2–2,1.9,Wolfsburg,,RheinEnergieSTADION,Sven Jablonski,Bundesliga,10,Oliver Glasner,Wolfsburg,4-2-3-1,Renato Steffen,2–1,16.67,40.0,8,SUI,LW,29.088,89,0,1,0,0,3,1,0,0,45,0,1,0,0.5,0.5,0.5,2,1,29,40,72.5,3,29,1,0,0,458,116,18,20,90.0,7,10,70.0,4,6,66.7,0.4,2,4,2,2,39,0,0,0,0,2,0,0,0,0,0,1,2,0,0,0,0,0,0,,0,0,0,1,0,0,0,3,22,20,4,45,,0,,113,57,2,0,1,2,37,12,0,2,2,0,0,0,0,2,2,2,50.0
10,Sat,2020-12-05,15:30 ,Köln,1.1,2–2,1.9,Wolfsburg,,RheinEnergieSTADION,Sven Jablonski,Bundesliga,10,Oliver Glasner,Wolfsburg,4-2-3-1,   Omar Marmoush,2–1,9999.0,9999.0,29,EGY,FW,,1,0,0,0,0,0,0,0,0,,,0,,,,,,,,,,,,,,,,,,,,,,,,,,,,,,,,,,,,0,,,,,,,,0,,,,,,,,,,,,,,,,,,,,,,,,,,,,,,0,0,0,0,,,0,,,,
10,Sat,2020-12-05,15:30 ,Köln,1.1,2–2,1.9,Wolfsburg,,RheinEnergieSTADION,Sven Jablonski,Bundesliga,10,Oliver Glasner,Wolfsburg,4-2-3-1,Josip Brekalo,2–1,16.67,40.0,7,CRO,RW,22.452,90,0,0,0,0,1,1,0,0,58,0,1,0,0.0,0.0,0.5,6,1,32,46,69.6,2,39,2,2,1,524,89,20,23,87.0,7,11,63.6,5,8,62.5,0.3,2,2,0,0,39,7,0,0,0,5,1,5,4,0,0,0,2,0,0,0,0,0,0,,0,0,0,1,0,0,0,5,22,31,3,58,50.0,1,50.0,204,85,3,1,5,1,37,3,0,0,3,0,0,0,0,6,0,1,0.0
10,Sat,2020-12-05,15:30 ,Köln,1.1,2–2,1.9,Wolfsburg,,RheinEnergieSTADION,Sven Jablonski,Bundesliga,10,Oliver Glasner,Wolfsburg,4-2-3-1,Maximilian Philipp,2–1,50.0,35.0,17,GER,AM,26.764,67,0,0,0,0,1,1,0,0,24,1,0,1,0.1,0.1,0.0,2,0,13,19,68.4,1,12,1,0,0,133,11,10,14,71.4,3,3,100.0,0,1,0.0,0.0,0,0,0,0,18,1,0,0,1,0,0,0,0,0,0,0,0,1,0,0,1,1,3,33.3,2,0,1,1,0,0,0,2,10,12,2,24,,0,,29,10,0,0,2,0,17,4,0,1,0,1,0,0,0,1,1,2,33.3
10,Sat,2020-12-05,15:30 ,Köln,1.1,2–2,1.9,Wolfsburg,,RheinEnergieSTADION,Sven Jablonski,Bundesliga,10,Oliver Glasner,Wolfsburg,4-2-3-1,   Daniel Ginczek,2–1,9999.0,9999.0,33,GER,AM,29.647,23,0,0,0,0,1,0,0,0,13,0,0,0,0.0,0.0,0.0,1,0,6,11,54.5,1,7,1,0,0,77,7,5,9,55.6,1,1,100.0,0,0,,0.1,0,0,0,0,11,0,0,0,0,0,0,0,0,0,0,0,0,0,0,0,0,0,0,,0,0,0,0,0,0,0,1,3,9,3,13,,0,,35,8,0,1,0,1,11,2,0,0,0,0,0,0,0,0,2,0,100.0
10,Sat,2020-12-05,15:30 ,Köln,1.1,2–2,1.9,Wolfsburg,,RheinEnergieSTADION,Sven Jablonski,Bundesliga,10,Oliver Glasner,Wolfsburg,4-2-3-1,Maximilian Arnold,2–1,66.67,25.0,27,GER,DM,26.526,90,1,0,0,0,1,1,0,0,68,2,1,2,0.1,0.1,0.0,5,1,47,57,82.5,9,46,0,0,0,968,403,16,18,88.9,23,25,92.0,7,11,63.6,0.3,0,9,2,0,49,8,5,0,0,3,0,3,3,0,0,0,2,1,1,1,0,1,1,100.0,0,0,2,3,3,0,3,11,47,10,0,68,,0,,159,51,0,0,1,4,47,1,0,1,4,0,0,0,0,5,2,2,50.0
10,Sat,2020-12-05,15:30 ,Köln,1.1,2–2,1.9,Wolfsburg,,RheinEnergieSTADION,Sven Jablonski,Bundesliga,10,Oliver Glasner,Wolfsburg,4-2-3-1,Xaver Schlager,2–1,33.33,25.0,24,AUT,DM,23.186,90,0,0,0,0,4,0,0,0,62,1,1,1,0.2,0.2,0.0,2,0,37,47,78.7,10,39,1,1,1,493,143,24,27,88.9,11,14,78.6,0,2,0.0,0.1,0,4,1,0,47,0,0,0,0,0,0,0,0,0,0,0,2,1,1,0,0,0,1,0.0,1,0,1,2,4,0,3,9,41,13,1,62,100.0,0,0.0,199,113,3,0,2,1,36,2,0,0,0,0,0,0,0,7,0,4,0.0
10,Sat,2020-12-05,15:30 ,Köln,1.1,2–2,1.9,Wolfsburg,,RheinEnergieSTADION,Sven Jablonski,Bundesliga,10,Oliver Glasner,Wolfsburg,4-2-3-1,Jérôme Roussillon,2–1,83.33,15.0,15,FRA,LB,27.915,75,0,0,0,0,1,0,0,0,61,2,0,1,0.0,0.0,0.0,1,0,43,53,81.1,3,40,3,2,2,720,280,18,20,90.0,20,22,90.9,5,9,55.6,0.1,1,2,1,1,50,3,0,0,0,3,3,0,0,0,0,0,1,2,1,1,0,0,1,0.0,1,0,1,2,5,0,4,16,32,13,2,61,100.0,0,0.0,174,101,1,1,0,0,39,5,0,1,0,0,0,0,0,7,0,1,0.0
10,Sat,2020-12-05,15:30 ,Köln,1.1,2–2,1.9,Wolfsburg,,RheinEnergieSTADION,Sven Jablonski,Bundesliga,10,Oliver Glasner,Wolfsburg,4-2-3-1,   Paulo Otávio,2–1,9999.0,9999.0,6,BRA,LB,26.033,15,0,0,0,0,0,0,1,0,16,2,1,0,0.0,0.0,0.0,1,0,5,11,45.5,2,8,2,0,0,86,55,2,2,100.0,1,5,20.0,1,2,50.0,0.1,0,2,1,0,10,1,0,0,0,2,1,0,0,0,0,0,1,2,1,0,1,0,0,,0,0,0,3,2,0,0,6,5,5,0,16,,0,,58,41,0,0,0,0,9,1,0,1,1,0,0,0,0,1,0,0,
10,Sat,2020-12-05,15:30 ,Köln,1.1,2–2,1.9,Wolfsburg,,RheinEnergieSTADION,Sven Jablonski,Bundesliga,10,Oliver Glasner,Wolfsburg,4-2-3-1,John Brooks,2–1,66.67,15.0,25,USA,CB,27.855,90,0,0,0,0,0,0,0,0,99,0,1,1,0.0,0.0,0.0,1,0,84,90,93.3,3,73,0,1,0,1880,593,14,16,87.5,56,58,96.6,14,14,100.0,0.0,0,1,0,0,84,6,5,0,0,0,1,0,0,0,0,0,1,0,0,0,0,0,1,0.0,1,0,1,1,1,0,1,25,72,3,1,99,0.0,1,100.0,292,179,0,0,3,0,68,1,0,1,0,0,0,0,0,5,1,1,50.0
10,Sat,2020-12-05,15:30 ,Köln,1.1,2–2,1.9,Wolfsburg,,RheinEnergieSTADION,Sven Jablonski,Bundesliga,10,Oliver Glasner,Wolfsburg,4-2-3-1,Maxence Lacroix,2–1,33.33,15.0,4,FRA,CB,20.666,90,0,0,0,0,1,0,0,0,113,0,1,2,0.0,0.0,0.0,1,0,85,101,84.2,6,87,1,1,1,1792,586,19,24,79.2,55,60,91.7,11,16,68.8,0.0,0,4,1,0,100,1,1,0,0,0,0,0,0,0,0,0,1,0,0,0,0,0,0,,0,1,1,1,3,0,7,49,62,3,3,113,100.0,0,0.0,384,217,0,1,0,0,85,0,0,1,1,0,0,0,0,10,1,1,50.0
10,Sat,2020-12-05,15:30 ,Köln,1.1,2–2,1.9,Wolfsburg,,RheinEnergieSTADION,Sven Jablonski,Bundesliga,10,Oliver Glasner,Wolfsburg,4-2-3-1,Ridle Baku,2–1,33.33,30.0,20,GER,RB,22.66,90,0,0,0,0,1,0,0,0,78,1,0,0,0.0,0.0,0.0,1,0,57,73,78.1,3,53,1,1,1,912,278,35,38,92.1,17,25,68.0,5,6,83.3,0.0,0,3,1,1,67,6,0,0,0,9,6,0,0,0,0,0,3,1,0,1,0,1,1,100.0,0,0,0,1,1,0,1,15,45,18,1,78,100.0,0,0.0,160,83,0,0,0,0,55,6,0,3,0,0,0,0,0,4,1,2,33.3
10,Sat,2020-12-05,15:30 ,Köln,1.1,2–2,1.9,Wolfsburg,,RheinEnergieSTADION,Sven Jablonski,Bundesliga,10,Oliver Glasner,Wolfsburg,4-2-3-1,Koen Casteels,2–1,50.0,5.0,1,BEL,GK,28.447,90,0,0,0,0,0,0,0,0,33,0,0,0,0.0,0.0,0.0,0,0,27,32,84.4,0,24,0,0,0,659,469,5,5,100.0,16,16,100.0,6,11,54.5,0.0,0,0,0,0,27,5,1,0,0,0,0,0,0,0,0,0,0,0,0,0,0,0,0,,0,0,0,0,1,0,25,33,0,0,0,33,,0,,92,33,0,0,0,0,19,0,0,0,0,0,0,0,0,1,1,0,100.0
10,Sat,2020-12-05,15:30 ,Arminia,1.2,2–1,2.8,Mainz 05,,SchücoArena,Marco Fritz,Bundesliga,10,Uwe Neuhaus,Arminia,4-4-2,Fabian Klos,2–0,50.0,45.0,9,GER,FW,33.008,85,0,0,0,0,1,0,0,0,28,0,1,0,0.2,0.2,0.3,2,0,10,20,50.0,2,18,1,0,0,137,54,6,10,60.0,4,8,50.0,0,0,,0.1,1,2,1,0,20,0,0,0,0,0,0,0,0,0,0,0,1,0,0,0,0,0,1,0.0,1,0,0,1,0,0,0,2,21,6,2,28,,0,,69,36,1,0,3,0,25,4,0,3,3,0,0,0,0,4,7,3,70.0
10,Sat,2020-12-05,15:30 ,Arminia,1.2,2–1,2.8,Mainz 05,,SchücoArena,Marco Fritz,Bundesliga,10,Uwe Neuhaus,Arminia,4-4-2,   Fabian Kunze,2–0,9999.0,9999.0,16,GER,FW,22.477,5,0,0,0,0,0,0,1,0,6,0,0,0,0.0,0.0,0.0,0,0,1,3,33.3,0,1,1,0,0,3,0,0,1,0.0,0,0,,0,1,0.0,0.0,0,0,0,0,3,0,0,0,0,0,0,0,0,0,0,0,0,0,0,0,0,0,0,,0,0,0,0,0,0,0,5,0,1,0,6,,0,,24,19,0,0,0,0,1,1,0,2,0,0,0,0,0,0,0,0,
10,Sat,2020-12-05,15:30 ,Arminia,1.2,2–1,2.8,Mainz 05,,SchücoArena,Marco Fritz,Bundesliga,10,Uwe Neuhaus,Arminia,4-4-2,Sven Schipplock,2–0,75.0,45.0,36,GER,FW,32.074,78,0,0,0,0,1,0,1,0,32,1,1,2,0.4,0.4,0.0,4,1,13,20,65.0,3,13,3,0,0,150,57,8,11,72.7,4,6,66.7,0,0,,0.0,1,1,0,0,20,0,0,0,0,0,0,0,0,0,0,0,1,0,0,1,0,1,4,25.0,3,0,2,2,0,0,0,3,22,8,2,32,,0,,69,52,2,0,2,0,17,2,0,3,4,0,0,0,0,5,2,2,50.0
10,Sat,2020-12-05,15:30 ,Arminia,1.2,2–1,2.8,Mainz 05,,SchücoArena,Marco Fritz,Bundesliga,10,Uwe Neuhaus,Arminia,4-4-2,   Sergio Córdova,2–0,9999.0,9999.0,18,VEN,FW,23.323,12,0,0,0,0,0,0,0,0,4,0,0,1,0.0,0.0,0.1,1,0,1,2,50.0,0,3,0,0,0,45,41,0,0,,0,0,,1,1,100.0,0.0,1,1,0,0,2,0,0,0,0,0,0,0,0,0,0,0,0,0,0,0,0,0,0,,0,0,1,0,0,0,0,1,2,1,0,4,,0,,8,3,0,0,2,0,2,1,0,1,0,0,0,0,0,1,1,1,50.0
10,Sat,2020-12-05,15:30 ,Arminia,1.2,2–1,2.8,Mainz 05,,SchücoArena,Marco Fritz,Bundesliga,10,Uwe Neuhaus,Arminia,4-4-2,Reinhold Yabo,2–0,16.67,30.0,10,GER,LM,28.819,63,0,0,0,0,2,0,0,0,25,0,0,0,0.1,0.1,0.0,0,0,13,20,65.0,1,14,2,0,0,152,37,8,10,80.0,3,7,42.9,0,0,,0.0,0,2,0,0,20,0,0,0,0,2,0,0,0,0,0,0,1,0,0,0,0,0,0,,0,0,0,0,0,0,0,0,15,10,0,25,,0,,105,80,0,0,0,0,18,4,0,1,1,1,0,0,0,3,0,0,
10,Sat,2020-12-05,15:30 ,Arminia,1.2,2–1,2.8,Mainz 05,,SchücoArena,Marco Fritz,Bundesliga,10,Uwe Neuhaus,Arminia,4-4-2,   Andreas Voglsammer,2–0,9999.0,9999.0,21,GER,LM,28.907,27,0,0,0,0,1,1,0,0,16,2,0,3,0.1,0.1,0.0,0,0,6,9,66.7,2,6,0,0,0,93,39,4,4,100.0,2,3,66.7,0,2,0.0,0.1,0,1,1,0,9,0,0,0,0,0,0,0,0,0,0,0,0,1,0,2,0,1,1,100.0,0,0,3,2,0,0,0,6,4,6,1,16,,0,,30,12,0,0,0,0,8,1,0,0,0,0,0,0,0,1,2,1,66.7
10,Sat,2020-12-05,15:30 ,Arminia,1.2,2–1,2.8,Mainz 05,,SchücoArena,Marco Fritz,Bundesliga,10,Uwe Neuhaus,Arminia,4-4-2,Marcel Hartel,2–0,33.33,30.0,30,GER,CM,24.879,90,0,0,0,0,2,1,1,0,65,1,3,1,0.1,0.1,0.0,2,1,38,57,66.7,4,33,0,2,1,627,167,21,25,84.0,13,18,72.2,4,13,30.8,0.1,0,3,1,1,46,11,7,0,0,6,0,2,1,0,0,0,1,0,1,0,0,1,3,33.3,2,0,1,4,0,0,0,11,36,20,0,65,50.0,1,50.0,116,66,1,0,1,1,36,2,0,1,1,0,0,0,0,9,2,4,33.3
10,Sat,2020-12-05,15:30 ,Arminia,1.2,2–1,2.8,Mainz 05,,SchücoArena,Marco Fritz,Bundesliga,10,Uwe Neuhaus,Arminia,4-4-2,Manuel Prietl,2–0,66.67,15.0,19,AUT,CM,29.34,90,1,0,0,0,2,2,0,0,62,6,2,1,0.3,0.3,0.0,2,0,41,47,87.2,0,36,1,0,0,734,144,15,17,88.2,24,27,88.9,2,3,66.7,0.0,0,2,0,0,47,0,0,1,0,0,0,0,0,0,0,0,0,3,4,2,0,2,4,50.0,2,0,1,8,0,0,2,16,41,5,1,62,,0,,200,76,0,0,1,1,39,2,0,2,0,0,0,0,0,3,1,2,33.3
10,Sat,2020-12-05,15:30 ,Arminia,1.2,2–1,2.8,Mainz 05,,SchücoArena,Marco Fritz,Bundesliga,10,Uwe Neuhaus,Arminia,4-4-2,Ritsu Doan,2–0,83.33,30.0,8,JPN,RM,22.471,90,1,1,0,0,2,1,0,0,52,2,2,3,0.1,0.1,0.4,6,1,21,30,70.0,5,35,5,4,3,367,110,14,14,100.0,3,6,50.0,4,8,50.0,0.3,5,4,2,0,29,1,1,0,1,4,0,0,0,0,0,0,0,1,0,1,1,1,1,100.0,0,0,3,4,1,0,1,9,27,17,1,52,75.0,1,25.0,205,111,1,1,6,3,30,7,0,1,4,0,0,0,0,9,1,2,33.3
10,Sat,2020-12-05,15:30 ,Arminia,1.2,2–1,2.8,Mainz 05,,SchücoArena,Marco Fritz,Bundesliga,10,Uwe Neuhaus,Arminia,4-4-2,Anderson Lucoqui,2–0,16.67,15.0,23,ANG,LB,23.416,90,0,0,0,0,0,0,0,0,75,4,0,5,0.0,0.0,0.0,1,0,43,70,61.4,3,37,0,0,0,726,303,20,24,83.3,18,29,62.1,5,13,38.5,0.0,1,5,0,0,56,14,3,0,0,2,11,0,0,0,0,0,0,3,4,0,0,1,3,33.3,2,2,3,4,1,0,5,33,33,10,0,75,,0,,88,31,0,0,0,3,33,2,0,0,3,0,0,0,0,13,1,3,25.0
10,Sat,2020-12-05,15:30 ,Arminia,1.2,2–1,2.8,Mainz 05,,SchücoArena,Marco Fritz,Bundesliga,10,Uwe Neuhaus,Arminia,4-4-2,Joakim Nilsson,2–0,33.33,15.0,4,SWE,CB,26.83,90,0,0,0,0,0,0,0,0,60,1,3,1,0.0,0.0,0.0,0,0,41,49,83.7,1,39,1,0,0,849,278,8,11,72.7,28,28,100.0,4,8,50.0,0.0,0,0,0,0,47,2,2,0,0,0,0,0,0,0,0,0,1,0,1,0,0,0,1,0.0,1,1,0,4,8,0,9,31,28,1,1,60,,0,,104,54,0,0,0,0,36,1,0,1,0,0,0,0,0,5,2,2,50.0
10,Sat,2020-12-05,15:30 ,Arminia,1.2,2–1,2.8,Mainz 05,,SchücoArena,Marco Fritz,Bundesliga,10,Uwe Neuhaus,Arminia,4-4-2,Mike van der Hoorn,2–0,66.67,15.0,6,NED,CB,28.14,90,0,0,0,0,0,0,0,0,77,0,3,0,0.0,0.0,0.0,0,0,54,68,79.4,5,51,1,0,0,1203,431,16,19,84.2,28,29,96.6,10,17,58.8,0.0,0,4,0,0,67,0,0,0,1,0,0,0,0,0,0,1,0,0,0,0,0,0,0,,0,0,0,3,6,0,11,41,36,0,0,77,,0,,206,99,0,0,0,1,53,0,0,1,0,0,0,0,0,5,6,2,75.0
10,Sat,2020-12-05,15:30 ,Arminia,1.2,2–1,2.8,Mainz 05,,SchücoArena,Marco Fritz,Bundesliga,10,Uwe Neuhaus,Arminia,4-4-2,Cédric Brunner,2–0,50.0,5.0,27,SUI,RB,26.8,90,0,0,0,0,1,0,0,0,91,1,4,1,0.0,0.0,0.0,1,0,53,78,67.9,5,45,1,0,0,896,284,23,28,82.1,25,32,78.1,3,16,18.8,0.0,0,3,0,0,72,6,1,0,0,1,5,0,0,0,0,0,0,1,0,1,0,1,1,100.0,0,0,1,5,3,0,3,31,55,5,0,91,,0,,130,45,0,0,1,0,44,3,0,0,1,0,0,0,0,10,6,3,66.7
10,Sat,2020-12-05,15:30 ,Arminia,1.2,2–1,2.8,Mainz 05,,SchücoArena,Marco Fritz,Bundesliga,10,Uwe Neuhaus,Arminia,4-4-2,Stefan Ortega,2–0,50.0,5.0,1,GER,GK,28.079,90,0,0,0,0,0,0,0,0,47,1,0,0,0.0,0.0,0.4,3,0,33,44,75.0,0,25,0,0,0,1278,1031,3,3,100.0,13,13,100.0,17,28,60.7,0.1,1,3,1,0,30,14,5,0,0,0,0,0,0,0,0,0,0,0,1,0,0,1,1,100.0,0,0,0,1,0,0,38,46,1,0,0,47,,0,,79,57,0,0,0,0,25,0,0,0,0,0,0,0,0,1,0,0,
10,Sat,2020-12-05,15:30 ,Arminia,1.2,2–1,2.8,Mainz 05,,SchücoArena,Marco Fritz,Bundesliga,10,Jan-Moritz Lichte,Mainz 05,3-4-3,Jean-Philippe Mateta,2–0,50.0,45.0,9,FRA,FW,23.438,90,0,0,0,0,3,2,0,0,31,1,0,0,1.4,1.4,0.0,2,0,8,19,42.1,0,11,1,3,1,83,0,7,11,63.6,0,2,0.0,0,0,,0.0,1,0,0,0,16,3,0,0,0,0,0,0,0,0,0,0,3,0,0,0,1,0,0,,0,0,0,1,0,0,0,3,12,16,6,31,33.3,2,66.7,52,32,0,1,3,2,19,6,0,0,0,2,0,0,0,4,5,9,35.7
10,Sat,2020-12-05,15:30 ,Arminia,1.2,2–1,2.8,Mainz 05,,SchücoArena,Marco Fritz,Bundesliga,10,Jan-Moritz Lichte,Mainz 05,3-4-3,Robin Quaison,2–0,66.67,35.0,7,SWE,"AM,RW",27.156,90,0,0,0,0,1,0,0,0,37,0,1,0,0.0,0.0,0.4,2,0,20,27,74.1,6,16,0,2,0,336,80,8,11,72.7,9,10,90.0,2,2,100.0,0.1,1,3,2,0,27,0,0,0,1,0,0,0,0,0,0,0,0,0,0,0,0,0,0,,0,0,0,1,1,0,1,2,18,18,0,37,0.0,2,100.0,90,28,1,0,2,1,27,7,0,0,1,0,0,0,0,3,3,3,50.0
10,Sat,2020-12-05,15:30 ,Arminia,1.2,2–1,2.8,Mainz 05,,SchücoArena,Marco Fritz,Bundesliga,10,Jan-Moritz Lichte,Mainz 05,3-4-3,Jean-Paul Boëtius,2–0,33.33,35.0,5,NED,AM,26.707,90,0,0,0,0,3,1,0,0,55,2,3,2,0.3,0.3,0.4,8,1,24,36,66.7,6,28,3,5,4,484,118,11,16,68.8,7,11,63.6,5,6,83.3,0.3,3,4,1,0,36,0,0,1,1,3,0,0,0,0,0,0,1,2,0,1,1,0,1,0.0,1,0,2,5,0,0,0,7,27,21,4,55,80.0,1,20.0,168,111,2,1,1,3,32,7,0,3,1,0,0,0,0,4,3,2,60.0
10,Sat,2020-12-05,15:30 ,Arminia,1.2,2–1,2.8,Mainz 05,,SchücoArena,Marco Fritz,Bundesliga,10,Jan-Moritz Lichte,Mainz 05,3-4-3,Edimilson Fernandes,2–0,66.67,30.0,20,SUI,CM,24.641,57,0,0,0,0,1,0,0,0,35,2,1,0,0.0,0.0,0.1,1,0,18,29,62.1,3,17,0,0,0,342,42,5,7,71.4,12,14,85.7,1,5,20.0,0.1,1,0,1,0,28,1,0,0,0,1,0,1,1,0,0,0,2,1,1,1,0,1,2,50.0,1,0,0,3,1,0,0,6,24,5,0,35,,0,,90,35,0,0,1,0,23,2,0,1,0,0,0,0,0,4,1,0,100.0
10,Sat,2020-12-05,15:30 ,Arminia,1.2,2–1,2.8,Mainz 05,,SchücoArena,Marco Fritz,Bundesliga,10,Jan-Moritz Lichte,Mainz 05,3-4-3,   Kevin Stöger,2–0,9999.0,9999.0,17,AUT,DM,27.274,33,1,0,0,0,3,2,0,0,42,1,0,0,0.9,0.9,0.1,6,0,30,38,78.9,6,17,1,0,0,563,276,14,15,93.3,11,14,78.6,5,8,62.5,0.1,2,5,2,0,29,8,3,0,1,4,3,2,1,1,0,1,0,1,0,1,0,0,0,,0,0,0,1,0,0,0,3,28,11,2,42,,0,,96,50,1,0,0,0,28,4,0,1,1,0,0,0,0,2,0,1,0.0
10,Sat,2020-12-05,15:30 ,Arminia,1.2,2–1,2.8,Mainz 05,,SchücoArena,Marco Fritz,Bundesliga,10,Jan-Moritz Lichte,Mainz 05,3-4-3,Leandro Barreiro Martins,2–0,33.33,30.0,35,LUX,CM,20.923000000000002,57,0,0,0,0,0,0,0,0,31,1,3,0,0.0,0.0,0.0,0,0,23,28,82.1,3,13,0,0,0,389,107,7,10,70.0,16,17,94.1,0,1,0.0,0.0,0,2,0,0,27,1,1,0,0,0,0,0,0,0,0,0,0,0,0,1,0,0,0,,0,0,0,4,0,0,0,0,29,2,0,31,,0,,63,15,0,0,0,0,15,0,0,1,4,0,0,0,0,6,4,3,57.1
10,Sat,2020-12-05,15:30 ,Arminia,1.2,2–1,2.8,Mainz 05,,SchücoArena,Marco Fritz,Bundesliga,10,Jan-Moritz Lichte,Mainz 05,3-4-3,   Pierre Kunde,2–0,9999.0,9999.0,14,CMR,DM,25.362,33,0,0,0,0,1,0,0,0,32,0,1,0,0.0,0.0,0.0,0,0,24,31,77.4,3,15,1,1,1,597,218,10,11,90.9,9,12,75.0,5,7,71.4,0.0,0,4,0,0,28,3,2,0,1,1,1,0,0,0,0,0,0,0,0,0,0,0,0,,0,0,0,1,0,0,0,6,21,6,0,32,100.0,0,0.0,140,126,0,0,0,0,23,0,0,1,0,0,0,0,0,3,0,0,
10,Sat,2020-12-05,15:30 ,Arminia,1.2,2–1,2.8,Mainz 05,,SchücoArena,Marco Fritz,Bundesliga,10,Jan-Moritz Lichte,Mainz 05,3-4-3,Aarón Martín,2–0,83.33,20.0,3,ESP,WB,23.622,57,0,0,0,0,0,0,0,0,40,1,1,0,0.0,0.0,0.0,1,0,21,32,65.6,2,15,0,2,1,347,102,11,13,84.6,8,14,57.1,2,4,50.0,0.0,1,1,0,0,20,12,0,0,0,3,12,0,0,0,0,0,1,0,1,0,0,0,2,0.0,2,0,0,2,0,0,1,9,20,11,0,40,50.0,1,50.0,177,6,0,0,2,1,19,7,0,2,0,0,0,0,0,1,0,1,0.0
10,Sat,2020-12-05,15:30 ,Arminia,1.2,2–1,2.8,Mainz 05,,SchücoArena,Marco Fritz,Bundesliga,10,Jan-Moritz Lichte,Mainz 05,3-4-3,   Karim Onisiwo,2–0,9999.0,9999.0,21,AUT,LW,28.721,33,0,0,0,0,1,0,0,0,21,0,0,1,0.1,0.1,0.1,0,0,2,10,20.0,0,15,1,3,1,29,4,1,3,33.3,1,3,33.3,0,1,0.0,0.0,1,1,0,0,10,0,0,0,0,1,0,0,0,0,0,0,2,0,0,0,0,0,0,,0,0,1,0,0,0,0,0,4,17,4,21,33.3,2,66.7,80,25,0,1,3,2,18,8,0,1,0,0,0,0,0,1,3,3,50.0
10,Sat,2020-12-05,15:30 ,Arminia,1.2,2–1,2.8,Mainz 05,,SchücoArena,Marco Fritz,Bundesliga,10,Jan-Moritz Lichte,Mainz 05,3-4-3,Jonathan Burkardt,2–0,16.67,20.0,29,GER,"WB,RB",20.403,90,0,0,0,0,1,0,0,0,64,2,1,1,0.1,0.1,0.0,2,0,36,53,67.9,6,23,5,2,1,649,252,15,19,78.9,19,25,76.0,2,4,50.0,0.1,0,5,1,1,36,16,1,0,0,6,15,0,0,0,0,1,4,1,2,0,0,0,0,,0,0,1,3,3,0,3,18,31,16,2,64,50.0,1,50.0,159,94,3,1,0,1,30,13,0,0,4,0,0,0,0,8,1,1,50.0
10,Sat,2020-12-05,15:30 ,Arminia,1.2,2–1,2.8,Mainz 05,,SchücoArena,Marco Fritz,Bundesliga,10,Jan-Moritz Lichte,Mainz 05,3-4-3,Moussa Niakhate,2–0,66.67,15.0,19,SEN,"CB,LB",24.745,90,0,0,0,0,0,0,1,0,78,0,1,1,0.0,0.0,0.0,2,0,53,70,75.7,4,48,3,1,1,899,419,20,22,90.9,31,39,79.5,1,6,16.7,0.0,1,7,0,0,64,6,4,0,0,3,2,0,0,0,0,0,1,0,0,0,0,0,0,,0,0,1,1,1,0,2,23,41,14,0,78,100.0,0,0.0,270,149,1,0,3,0,54,5,0,2,0,0,0,0,0,5,1,1,50.0
10,Sat,2020-12-05,15:30 ,Arminia,1.2,2–1,2.8,Mainz 05,,SchücoArena,Marco Fritz,Bundesliga,10,Jan-Moritz Lichte,Mainz 05,3-4-3,Alexander Hack,2–0,50.0,15.0,42,GER,CB,27.241,90,0,0,0,0,0,0,0,0,94,0,3,1,0.0,0.0,0.0,0,0,65,82,79.3,12,46,1,1,1,1336,484,20,26,76.9,37,41,90.2,8,13,61.5,0.0,0,8,1,0,78,4,2,0,1,0,2,0,0,0,0,0,1,0,0,0,0,0,0,,0,1,0,3,7,0,9,38,55,1,0,94,100.0,0,0.0,251,147,0,0,0,0,52,0,0,2,4,0,0,0,0,10,4,4,50.0
10,Sat,2020-12-05,15:30 ,Arminia,1.2,2–1,2.8,Mainz 05,,SchücoArena,Marco Fritz,Bundesliga,10,Jan-Moritz Lichte,Mainz 05,3-4-3,Jerry St. Juste,2–0,33.33,15.0,4,NED,CB,24.129,90,0,0,0,0,1,0,1,0,84,1,1,1,0.1,0.1,0.0,2,0,61,75,81.3,9,50,2,0,0,1298,482,18,20,90.0,33,36,91.7,10,18,55.6,0.0,0,6,0,0,71,4,2,0,2,0,2,0,0,0,0,0,1,0,1,0,0,1,1,100.0,0,1,0,2,1,0,4,28,53,3,1,84,,0,,303,208,0,0,3,0,59,0,0,3,1,0,0,0,0,3,0,3,0.0
10,Sat,2020-12-05,15:30 ,Arminia,1.2,2–1,2.8,Mainz 05,,SchücoArena,Marco Fritz,Bundesliga,10,Jan-Moritz Lichte,Mainz 05,3-4-3,Robin Zentner,2–0,50.0,5.0,27,GER,GK,26.104,90,0,0,0,0,0,0,0,0,38,0,0,0,0.0,0.0,0.0,0,0,26,36,72.2,0,21,0,0,0,609,378,5,5,100.0,15,15,100.0,6,16,37.5,0.0,0,0,0,0,26,10,2,0,0,0,0,0,0,0,0,0,0,0,0,0,0,0,0,,0,0,0,0,0,0,31,38,0,0,0,38,,0,,137,93,0,0,0,0,9,0,0,0,0,0,0,0,0,4,0,0,
